isbn	title	author	publisher	year_published	dewey_decimal	lcc_number	subjects
9781593376864	Beginner's Guide to Day Trading Online	Toni Turner	Adams Media Corporation	2007	332.64		
9780671027421	The Water Nymph	Jaffe, Michele	Pocket Star	2001			
9781580625708	A Beginner's Guide to Short-Term Trading	Toni Turner	Adams Media Corporation	2002	332.63		amazon_com_business_investing_investing_general|amazon_com_business_investing_investing_introduction|amazon_com_business_investing_investing_options|amazon_com_business_investing_personal_finance_general
9780534916459	A first course in the theory of linear statistical models	Myers, Raymond H.|Milton, J. Susan	PWS-KENT Pub. Co	1991	519.53	QA279	linear_models_statistics
9780131367364	Practical Guide to Linux Commands, Editors, and Shell Programming, A	Sobell, Mark G.	Prentice Hall PTR	2010	5.432		computers_internet_operating_systems_linux_programming|computers_internet_operating_systems_linux_general|computers_internet_operating_systems_general
9780321691699	A Second Course in Statistics: Regression Analysis	Mendenhall, William|Sincich, Terry	Prentice Hall	2012	519.536		science_mathematics
9781402017070	Advanced Sampling Theory with Applications 	Sarjinder Singh	Springer	2003	519.52		professional_technical_professional_science_mathematics_appl|science_chemistry_analytic|science_history_philosophy_general|science_mathematics_applied_probability_statistics|science_general_aaaa0
9780471113386	An introduction to categorical data analysis	Agresti, Alan	Wiley	1996	519.5	QA278	multivariate_analysis
9780198566625	Model Based Methods for Sample Survey	Ray Chambers|Clark, Robert A.	Oxford Higher Education	2012	519.5		
9780534387754	An introduction to modern nonparametric statistics	Higgins, James	Thomson, Brooks/Cole	2004	519.5	QA278.8	nonparametric_statistics
9780471899877	Analysis of survey data	Chambers, R. L. Skinner, C. J.	Wiley	2003	1.422	QA276	amazon_com_business_investing_economics_statistics|amazon_com_business_investing_general|amazon_com_health_mind_body_psychology_counseling_statistics|amazon_com_nonfiction_social_sciences_statistics|amazon_com_science_mathematics_applied_probability_statistic|amazon_com_professional_technical_professional_science_aaaa6|mathematical_statistics_methodology
9780803930148	Analyzing complex survey data	Lee, Eun Sul|Ronald N. Forthofer|Ronald J. Lorimor|Forthofer, Ron N.	Sage	1989	519.5	HN29	amazon_com_computers_internet_digital_business_culture_proje|amazon_com_nonfiction_social_sciences_research|amazon_com_medicine_general|social_surveys_methodology|sampling_statistics
9780256117363	Applied linear statistical models	Neter, John	WCB/McGraw-Hill	1996	519.535	QA278.2	regression_analysis|analysis_of_variance|experimental_design|linear_models_statistics
9780195152968	Applied longitudinal data analysis	Singer, Judith D.|Willett, John	Oxford University Press	2003	001.4		longitudinal_method|social_sciences_research
9780387953472	Applied multivariate analysis	Timm, Neil H.	Springer	2002	519.535	QA278	multivariate_analysis
9780534237967	Applied multivariate methods for data analysts	Johnson, Dallas E.	Duxbury Press	1998	519.535	QA278	multivariate_analysis
9780131877153	Applied multivariate statistical analysis	Johnson, Richard R.|Wichern, Dean W.	Pearson/Prentice Hall	2007	519.535	J7	multivariate_analysis|multivariat_analys
9780130417732	Applied multivariate statistical analysis	Johnson, Richard R.|Wichern, Dean W.	Prentice Hall	1992	519.535	QA278	multivariate_analysis|statistical_analysis
9780471170822	Applied regression analysis	Draper, Norman Richard|Smith, Harry	Wiley	1998	519.5	QA278.2	regression_analysis
9780803945401	Applied regression analysis, linear models, and related methods	Fox, John	Sage Publications	1997	300.01519536	HA31.3	regression_analysis|linear_models_statistics|social_sciences_statistical_methods
9780137436422	Applied statistics and the SAS programming language	Cody, Ronald P.|Smith, Jeffrey K.	Prentice Hall	1997	519.502855369	QA276.4	sas_computer_program|sas_computer_file|mathematical_statistics_data_processing|computer_programs_handbooks_manuals_etc|statistics_data_processing
9781420080667	Applied Survey Data Analysis	Heeringa, Steven|Brady West|Patricia A. Berglund	CRC Press	2010	1.422		health_mind_body_psychology_counseling_research|nonfiction_social_sciences_research|nonfiction_social_sciences_statistics|professional_technical_professional_science_mathematics_appl|science_mathematics_applied_probability_statistics|social_sciences|social_surveys|statistical_methods|statistics|reference_resource_series|social_science|electronic_books
9780486420790	Basic set theory	Lv?y, Azriel|L�vy, Azriel	Dover Publications	2002	511.322	QA248	set_theory
9780764516962	Bioinformatics for dummies	Claverie, Jean-Michel|Notredame, Cedric	Wiley Pub	2003	570	C6	bioinformatics|computational_biology
9780521574716	Bootstrap methods and their application	Davison, A. N.|Hinkley, D. V.|Canty, A. J.	Cambridge University Press	1997	519.544	QA276.8	bootstrap_statistics
9781599941899	Building Web Applications With SAS/IntrNet: A Guide to the Application Dispatcher	Henderson, Don L.	SAS Publishing	2007	5.2		
9780521009621	Calculated bets	Skiena, Steven S.	Mathematical Association of America	2001	511	QA401	mathematical_models|gambling_mathematical_models|jai_alai_betting
9780534218034	Student solutions manual for Stewart's Calculus, third edition	Stewart, James B.|Frank, Barbara E.|Bulman-Fleming, Andy|Anderson, Daniel R.|Drucker, Daniel C.	Brooks/Cole Pub. Co	1995	515		calculus_problems_exercises_etc|geometry_analytic_problems_exercises_etc
9780471360933	Categorical data analysis	Agresti, Alan	Wiley-Interscience	2002	519.535	QA278	multivariate_analysis
9780841501911	CIA: the myth and the madness	McGarvey, Patrick J.	Saturday Review Press	2000	353	JK468	united_states_central_intelligence_agency_aaaa1
9780226104416	Collective action and the civil rights movement	Chong, Dennis	University of Chicago Press	1991	323.1	HB846.5	public_goods|social_choice|civil_rights_movements_united_states|medborgarrttsrrelsen_frenta_staterna|dh_frenta_staterna
9780691130965	Complex adaptive systems	Miller, John H.|Page, Scott E.	Princeton University Press	2007	300.1		social_systems_mathematical_models|social_sciences_mathematical_models
9780124262805	Current topics in survey sampling	Krewski, D.|Platek, Richard|Rao, J. S.	Academic Press	1981	1.433	HN29	social_surveys_congresses|sampling_statistics_congresses
9780471383390	Day trade futures online	Williams, Larry R.	Wiley	2000	332.64	HG4515.95	day_trading_securities
9780471331209	Day trade online	Farrell, Christopher A.	John Wiley	1999	332.640285	HG4515.95	day_trading_securities|electronic_trading_of_securities|stocks_data_processing
9780387985619	Design and analysis of experiments	Dean, Angela|Voss, Daniel	Springer	1999	1.434	QA279	experimental_design
9780471551782	Design and analysis of experiments	Hinkelmann, Klaus|Kempthorne, Oscar	J. Wiley	1994	1.434	QA279	experimental_design
9780471157465	Design and analysis of experiments	Montgomery, Douglas C.	Wiley	1997	001.4	QA279	experimental_design
9781584889236	Design of Experiments: An Introduction Based on Linear Models	Morris, Max	Chapman and Hall/CRC	2011	519.57		science_experiments_instruments_measurement_scientific_instr
9780534368340	Design of experiments	Kuehl, R. O.	Duxbury/Thomson Learning	2000	1.422	Q182.3	science_experiments_statistical_methods|research_statistical_methods|statistics|numerical_analysis
9780521889452	Designing effective Web surveys	Couper, Mick	Cambridge University Press	2008	300.723	HM538	computers_internet_general|computers_internet_general_aas|nonfiction_social_sciences_research|nonfiction_social_sciences_sociology_general|nonfiction_social_sciences_sociology_general_aas|social_surveys_methodology|internet_surveys|surveys_methodology_technological_innovations|electronic_books
9780262520409	Discrete multivariate analysis	Bishop, Yvonne M. M.|Fienberg, Stephen E.|Holland, Paul W.	MIT Press	2000	519.5		angalisis_estadgistico_multivariable
9780879440091	Economic survey methods	Lansing, John Stephen|Morgan, James C.	Survey Research Center, Institute for Social Research, University of Michigan	2000	330	HC28	economic_surveys
9780534243425	Elementary Survey Sampling	Scheaffer, Richard L.|Mendenhall, William|Ott, Lyman	Duxbury Press	1995	519.5		amazon_com_science_general|amazon_com_science_mathematics_applied_probability_statistic|amazon_com_professional_technical_professional_science_aaaa6
9780534921859	Elementary survey sampling	Scheaffer, Richard L.|Mendenhall, William|Ott, Lyman	PWS-KENT Pub. Co	1990	519.52	HA31.2	sampling_statistics
9780137435760	Elements of sampling theory and methods	Govindarajulu, Z.	Prentice Hall	1999	519.52	QA276.6	sampling_statistics
9780792340454	Elements of survey sampling	Singh, Ravindra|Singh Mangat, Naurang	Kluwer Academic Publishers	1996	1.4222	QA276.6	sampling_statistics
9781584884156	Epidemiology	Woodward, Mark R.	Chapman & Hall/CRC	2005	614.40727		
9780470011331	Estimation in surveys with nonresponse	S�rndal, Carl-Erik|Lundstr�m, Sixten|S?arndal, Carl-Erik|Lundstr?om, Sixten	Wiley	2005	519.544	QA276.8	estimation_theory|sampling_statistics|non_response_statistics|nonresponse_statistics
9780471699460	Experiments: Planning, Analysis, and Optimization	Hamada, Michael	Wiley	2009	519.57		professional_technical_engineering_chemical_materials|professional_technical_engineering_mechanical_general|professional_technical_engineering_mechanical_general_aas|professional_technical_engineering_general|professional_technical_professional_science_mathematics_appl|science_chemistry_general_reference|science_chemistry_general_aas|science_experiments_instruments_measurement_experiments_proj|science_mathematics_applied_probability_statistics|science_mathematics_general|science_mathematics_general_aas|science_general_aaaa0|science_general_aas
9780471025634	Foundations of inference in survey sampling	Cassel, Claes|S�rndal, Carl-Erik|Wretman, Jan H?kan	Wiley	1977	519.52	QA276.6	sampling_statistics|estimation_theory
9780412317606	Generalized linear models	McCullagh, Peter|Nelder, John A.|McCullagh, P.	Chapman and Hall	1998	519.5	QA276	linear_models_statistics
9780470073711	Generalized, linear, and mixed models	McCulloch, Charles E.|Shayle R. Searle|Neuhaus, John William	Wiley	2008	519.535	QA279	nonfiction_social_sciences_statistics|science_mathematics_applied_probability_statistics|professional_technical_professional_science_mathematics_appl|linear_models_statistics
9780471295426	Getting started in technical analysis	Schwager, Jack D.	John Wiley	1999	332.63222		stock_price_forecasting|investment_analysis|stocks_charts_diagrams_etc
9781592801985	Hit and Run Trading	Cooper, Jeff	Marketplace Books, Inc	2004	332.64		
9780596000264	HTML & XHTML, the definitive guide	Musciano, Chuck|Kennedy, Bill	O'Reilly	2000	005.7		html_document_markup_language|xhtml_document_markup_language
9781848720473	IBM SPSS Statistics 18 Made Simple	Kinnear, Paul R|Gray, Colin S.	Psychology Press	2010	5.55		
9780387707822	Indirect sampling	Lavall?ee, Pierre	Springer	2007	519.5	QA276.6	sampling_statistics
9780465025220	Intellectuals and Society	Sowell, Thomas	Basic Books	2011	320.0		teens|politics_social_sciences_politics|politics_social_sciences_social_sciences
9780471698685	Internet, mail, and mixed-mode surveys	Dillman, Don A.|Smyth, Jolene D.|Christian, Leah Melani	Wiley & Sons	2009	300.723	HM538	bestskv|social_sciences|research|sociology_research_methodology_sociology_methodology|sociologisk_metod|social_surveys|questionnaires
9780761951612	Introducing ANOVA and ANCOVA	Rutherford, Andrew	SAGE	2001	519.538	QA279	analysis_of_variance|analysis_of_covariance
9780486650845	Introduction to difference equations	Goldberg, Samuel I.	Dover Publications	1986	515.625	QA431	amazon_com_science_mathematics_pure_mathematics_calculus|amazon_com_professional_technical_professional_science_mathe|difference_equations|social_sciences_mathematical_models
9780387329178	Introduction to variance estimation	Wolter, Kirk M.	Springer	2007	519.538		analysis_of_variance|estimation_theory
9780139316500	Japanese candlestick charting techniques	Nison, Steve	New York Institute of Finance	1991	332.6322	HG4638	stocks_charts_diagrams_etc|investment_analysis|investment_analysis_aaaa0
9780764535420	JavaServer pages	Whitehead, Paul C.	Hungry Minds	2001	5.2762	TK5105.8885	amazon_com_computers_internet_web_development_internet_comme|amazon_com_computers_internet_networking_internet_groupware_|amazon_com_computers_internet_programming_general|amazon_com_computers_internet_web_development_scripting_prog|javaserver_pages|java_computer_program_language|web_sites_design|web_site_development
9780471042990	Joint application development	Wood, Jane|Silver, Denise	Wiley	1995	4.21	QA76.9	system_design_methodology
9780763717087	Lebesgue integration on Euclidean space	Jones, Frank C.	Jones and Bartlett	2001	515.42	QA312	measure_theory|lebesgue_integral
9780201824780	Linear algebra and its applications	Lay, David C.	Addison-Wesley	1997	512.5	QA184	algebras_linear
9780321385178	Linear Algebra and Its Applications	Lay, David C.	Addison Wesley	2012	512.5		science_mathematics
9780131907294	Linear algebra	Otto Bretscher	Prentice Hall	1997	512.5	QA184	algebra|algebras_linear|linjr_algebra
9780387950273	Linear mixed models for longitudinal data	Verbeke, Geert|Molenberghs, Geert	Springer	2000	519.5	QA279	linear_models_statistics|longitudinal_method|models_statistical|longitudinal_studies
9780471754985	Linear models in statistics	Rencher, Alvin C.|G. Bruce Schaalje	Wiley-Interscience	2008	519.535	QA276	linear_models_statistics
9781584884255	Linear Models with R	Julian J. Faraway	Chapman & Hall/CRC	2005	519.5		amazon_com_science_mathematics_applied_probability_statistic|amazon_com_professional_technical_professional_science_aaaa6
9780534980382	Matrices with applications in statistics	Graybill, Franklin A.	Wadsworth International Group	1983	512.9434	QA188	matrices|linear_models_statistics
9780470009611	Matrix algebra useful for statistics	Shayle R. Searle	Wiley-Interscience	2006	512.9434	QA188	matrices|statistics
9780471458418	Methods for testing and evaluating survey questionnaires	Presser, Stanley|Jennifer M. Rothgeb|Couper, Mick|Lessler, Judith|Martin, Elizabeth|Martin, Jean|Singer, Eleanor	Wiley-Interscience	2004	300.723	HM538	social_surveys_methodology|questionnaires_methodology|social_sciences_research_methodology
9780471418894	Methods of multivariate analysis	Rencher, Alvin C.	J. Wiley	2002	519.535	QA278	multivariate_analysis
9781584883258	Modelling survival data in medical research	David Collett	Chapman & Hall/CRC	2003	610		amazon_com_reference_education_research|amazon_com_medicine_research_biostatistics|amazon_com_medicine_research_general|amazon_com_professional_technical_professional_science_aaah0|amazon_com_professional_technical_medical_research|survival_analysis_biometry|clinical_trials_statistical_methods
9780470740521	Multiple imputation and its application	Carpenter, James M.|Kenward, Michael	Wiley	2013	610.724		medical_statistics1|medicine_research_methodology1|data_interpretation_statistical1|biomedical_research_x_methods
9780138132316	Multivariate data analysis	Hair, Joseph F.	Prentice Hall	2010	519.5		multivariate_analysis1
9780525953722	No Easy Day	Mark Owen	Dutton Adult	2012	958.0		history_asia_afghanistan|history_military_aaaa1
9780486682525	Number theory	Andrews, George E.	Dover Publications	1994	512.7	QA241	amazon_com_science_mathematics_pure_mathematics_number_theor|amazon_com_professional_technical_professional_science_aaag0|talteori|mathematics|number_theory
9780471939344	Practical methods for design and analysis of complex surveys	Lehtonen, Risto|Pahkinen, Erkki	Wiley	1995	001.4	QA276.6	sampling_statistics|surveys_methodology
9780534229023	Principles of biostatistics	Pagano, Marcello|Gauvreau, Kimberlee	Duxbury	2000	570.15195	QH323.5	biometry
9780763702922	Programming and problem solving with C++	Dale, Nell B.|Weems, Chip|Headington, Mark R.	Jones and Bartlett	1997	5.133		c_computer_program_language
9780763717636	Programming and problem solving with Visual Basic. NET	Dale, Nell B.|McMillan, Michael|Weems, Chip|Headington, Mark R.	Jones and Bartlett Publishers	2003	5.2768	QA76.73	amazon_com_computers_internet_microsoft_development_visual_b|microsoft_visual_basic|basic_computer_program_language
9780735621831	Programming Microsoft Visual Basic 2005	Balena, Francesco	Microsoft	2006	5.2768		microsoft_visual_basic_computer_file|microsoft_net_framework_aaaa0
9780312654801	Public opinion	Holloway, Harry|George, John	St. Martin's Press	1979	303.380973	HN90	public_opinion_united_states
9780387985220	Random number generation and Monte Carlo methods	Gentle, James E.	Springer	1998	519.282	QA298	monte_carlo_method|random_number_generators
9781557982735	Reading and understanding multivariate statistics	Grimm, Laurence G.|Yarnold, Paul R.	American Psychological Association	1995	001.4	QA278	amazon_com_health_mind_body_psychology_counseling_research|amazon_com_health_mind_body_psychology_counseling_statistics|multivariate_analysis|psychometrics
9780312173005	Rogue regimes	Tanter, Raymond	St. Martin's Press	1998	327.117	D412.7	khomeini_ruhollah|hashimi_rafsanjani_ali_akbar|hussein_saddam_1937|qaddafi_muammar|assad_hafez_1928|castro_fidel_1927|kim_chong_gil_1926|dictators_biography|state_sponsored_terrorism|nuclear_nonproliferation|national_security_united_states|united_states_foreign_relations_20th_century
9780340545539	Sample survey principles and methods	Barnett, Vic	Edward Arnold	1991	519.5		sampling_statistics|social_surveys
9780470402313	Sampling	Thompson, Steven K.	Wiley	2012	519.52		science_math_mathematics
9780534353612	Sampling	Lohr, Sharon L.	Duxbury Press	1999	519.5	HA31.2	sampling_statistics
9780534979867	Sampling for health professionals	Levy, Paul|Lemeshow, Stanley	Lifetime Learning Publications	1980	362.10723	RA409	health_surveys_statistical_methods|sampling_statistics|sampling_studies|statistics
9781584882145	Sampling methodologies	Miller, William C.	Chapman & Hall/CRC	2000	519.52	HA31.2	social_sciences_statistical_methods|sampling_statistics
9780471155751	Sampling of populations	Levy, Paul|Lemeshow, Stanley	Wiley	1999	304.60151952	HB849.49	population_statistical_methods|sampling_statistics
9780471508229	Sampling of populations	Levy, Paul|Lemeshow, Stanley	Wiley	1991	304.60151952	HB849.49	population_statistical_methods|sampling_statistics
9780470454602	Sampling statistics	Fuller, Wayne Edison	Wiley	2009	519.52	QA276.6	professional_technical_professional_science_mathematics_appl|science_mathematics_applied_probability_statistics|science_general_aaaa0|sampling_statistics|estimation_theory|mathematical_statistics
9780672329845	Sams teach yourself Visual BASIC 2008 in 24 hours	Foxall, James D.	Sams Pub	2008	5.2762		computers_internet_programming_introductory_beginning|computers_internet_programming_languages_tools_visual_basic_|computers_internet_programming_languages_tools_c|computers_internet_microsoft_development_visual_basic|computers_internet_software|microsoft_visual_basic|dvds|computer_software|basic_computer_program_language
9781555444211	SAS	N/A	SAS	1991	519.5		estadistica_matematica_procesamiento_electronico_de_datos|estadistica_matematica_metodos_graficos|sas_programa_de_computadora
9780471221746	SAS for linear models	Littell, Ramon C.|Walter W. Stroup|Freund, Rudolf	SAS Institute	2002	519.535	QA276.4	amazon_com_computers_internet_digital_business_culture_proje|amazon_com_science_mathematics_applied_probability_statistic|amazon_com_professional_technical_professional_science_aaaa6|sas_computer_file|linear_models_statistics_data_processing
9781555443719	SAS Language and Procedures 	N/A	SAS Institute	1989	519.502855369		computers_internet_operating_systems_general|computers_internet_programming_languages_tools_general|computers_internet_programming_general|computers_internet_general|professional_technical_professional_science_mathematics_appl|professional_technical_professional_science_mathematic_aaac4|science_mathematics_applied_probability_statistics
9781555444303	SAS System for Linear Models, Third Edition	Littell, Ramon C.|Freund, Rudolf|Philip C. Spector	SAS Institute	1991	519.502855369		
9780312325695	Short term trading in the new stock market	Toni Turner	St. Martin's Press	2005	332.6322	HG6041	speculation|stocks|investment_analysis
9780486668932	Singular Integral Equations	Muskhelishvili, N. I.	Dover Publications	1992	515.45		professional_technical_professional_science_mathematics_pure|professional_technical_professional_science_mathematic_aaac4|professional_technical_professional_science_physics_mathemat|science_mathematics_mathematical_analysis|science_mathematics_pure_mathematics_calculus|science_mathematics_general|science_physics_mathematical_physics|science_general_aaaa0
9781400049523	Slander: Liberal Lies About the American Right	Coulter, Ann H.	Three Rivers Press	2002	320.52		amazon_com_nonfiction_politics_general|amazon_com_nonfiction_politics_history_theory|amazon_com_nonfiction_politics_political_parties
9780471413745	Small area estimation	Rao, J. S.	Wiley-Interscience	2003	519.52	QA276.6	sampling_statistics|estimation_theory
9780486646848	Some theory of sampling	William Edwards Deming	Dover Publications	2000	311	HA33	sampling_statistics
9780387988634	Statistical consulting	Cabrera, Javier|McDougall, Andrew	Springer	2002	1.422	HA29	social_sciences_statistics|statistical_consultants
9780314068064	Statistics for the behavioral sciences	Gravetter, Frederick J.|Wallnau, Larry B.	West Pub. Co	1996	519.50243	BF39	psychology_statistical_methods|educational_statistics|psychology|statistics|psychometrics|education
9780471818847	Stochastic simulation	Ripley, Brian D.	J. Wiley	1987	1.434	QA76.9	digital_computer_simulation|stochastic_processes
9780321388834	Student Study Guide for Linear Algebra and Its Applications	Lay, David C.	Pearson Education (US)	2012	512		science_mathematics
9780471483489	Survey methodology	Groves, Robert M.	John Wiley	2004	1.433	HA31.2	surveys_methodology|social_surveys_methodology|social_sciences_research_statistical_methods
9780387953991	Survival analysis	Klein, John|Moeschberger, Melvin L.	Springer	2003	610		survival_analysis_biometry
9781575210735	Teach Yourself Javascript in a Week	Danesh, Arman	Sams	1996	005.13		
9780672310454	Teach Yourself Transact-SQL in 21 Days	Bennett W. McEwan|Solomon, David A.	Sams	1997	005.75		
9780131345973	Technical analysis plain and simple	Kahn, Michael D.	Financial Times Prentice Hall	2006	332.632042	HG4529	investment_analysis
9780387988641	Testing statistical hypotheses	Romano, Joseph P.	Springer	2005	519.5	QA277	statistical_hypothesis_testing
9780226092539	The American voter	Campbell, Angus	University of Chicago Press	1960	324		elections_united_states
9780312136345	The Bedford Reader	Kennedy, X. J.|Kennedy, Dorothy M.|Aaron, Jane	Bedford/St Martins	1997	808.0427		
9780387848570	The elements of statistical learning	Hastie, Trevor|Tibshirani, Robert|Friedman, Jerome	Springer	2009	006.3		computers_internet_computer_science_artificial_intelligence_|computers_internet_databases_data_mining|professional_technical_professional_science_mathematics_appl|science_biological_sciences_bioinformatics|science_mathematics_applied_probability_statistics|science_general_aaaa0|science_general_aas|data_mining|inference|forecasting|supervised_learning_machine_learning
9780201634594	The Java application programming interface	Gosling, James|Yellin, Frank	Addison-Wesley Publ	1996	5.133	QA76.73	java_computer_program_language
9780879422936	The probability tutoring book	Ash, Carol	IEEE Press	1993	620.00151	TA340	engineering_mathematics|probabilities
9780470973929	The R Book	Crawley, Michael J.	Wiley	2013	519.502855133		computers_technology_programming_languages_tools|education_reference|science_math_mathematics
9780199747047	The science of web surveys	Tourangeau, Roger|Frederick G. Conrad|Couper, Mick	Oxford University Press	2013	300.723	HM538	social_surveys_methodology1|social_surveys_data_processing1|internet_surveys1|questionnaires1
9780878915156	The statistics problem solver	Fogiel, Max	REA	2000	519.5076	QA276.2	statistics_problems_exercises_etc|mathematical_statistics_problems_exercises_etc
9780470448489	The truth about day trading stocks	Josh DiPietro	Wiley	2009	332.63228	HG4515.95	business_investing_investing_options|business_investing_investing_stocks|business_investing_investing_general|business_investing_investing_general_aas|business_investing_general|business_investing_general_aas|day_trading_securities|electronic_trading_of_securities
9780742547179	The voter's guide to election polls	Lavrakas, Paul|Traugott, Michael W.	Rowman & Littlefield Publishers	2008	303.380973	HN90	public_opinion_united_states|public_opinion_polls|election_forecasting_united_states|press_and_politics_united_states
9780387951089	Topics in survey sampling	Mukhopadhyay, Parimal	Springer	2001	519.52	QA276.6	sampling_statistics
9780471384731	Trade stocks online	Larson, Mark L.	Wiley	2000	332.6420285		investments_computer_network_resources|day_trading_securities
9780764556890	Trading for dummies	Griffis, Michael|Epstein, Lita	Wiley	2004	332.64		electronic_trading_of_securities|investments|stocks|stock_exchanges|securities|portfolio_management|investment_analysis
9781400050321	Treason	Coulter, Ann H.	Crown Forum	2003	320.51	E743	liberalism_united_states_history_20th_century|anti_communist_movements_united_states_history|united_states_politics_and_government_1945_1989|united_states_foreign_relations_1945_1989|united_states_politics_and_government_1989|united_states_foreign_relations_1989
9780444703576	Unified theory and strategies of survey sampling	Chaudhuri, Arijit	North-Holland	1988	519.52	QA276.6	sampling_statistics
9780472065912	Value change in global perspective	Abramson, Paul R.|Inglehart, Ronald	University of Michigan Press	1995	306.094	HN371	social_values_europe|social_surveys_europe|europe_social_conditions_20th_century
9780789708151	VBScript by example	Honeycutt, Jerry	Que	1996	5.2762	QA76.73	vbscript_computer_program_language|internet_programming|html_document_markup_language|world_wide_web
9780669388138	Writers INC	Sebranek, Patrick|Meyer, Verne|Kemper, Dave	Write Source	1996	808.042	PE1408	amazon_com_reference_writing_general|english_language_rhetoric_handbooks_manuals_etc|report_writing_handbooks_manuals_etc|study_skills_handbooks_manuals_etc
9780596527211	XSLT	Tidwell, Doug	O'Reilly	2001	5.72	QA76.73	xslt_computer_program_language|xml_document_markup_language
9780764536519	XSLT for dummies	Wagner, Richard	Hungry Minds	2002	5.72	QA76.73	xslt_computer_program_language
9780449909287	Operating instructions	Lamott, Anne	Fawcett Columbine	1994	813.54	PS3562	
9780373708352	The doctor's daughter	Bowen, Judith	Harlequin	1999			
9780812513738	The shadow rising	Jordan, Robert S.	TOR	1993			fantasy|fantastic_fiction
9788485229604	La cr�nica del Per�	Pedro de Cieza de Le�n	Historia 16	1984			
9780812971064	Reading Lolita in Tehran	Nafisi, Azar	Random House Trade Paperbacks	2003		PE64	nafisi_azar|english_teachers_iran_biography|english_literature_study_and_teaching_iran|american_literature_study_and_teaching_iran|women_books_and_reading_iran|books_and_reading_iran|group_reading_iran
9780375700699	Trap Line	Hiaasen, Carl|BILL MONTALBANO	Vintage	1998			amazon_com_mystery_thrillers_mystery_general|amazon_com_mystery_thrillers_authors_a_z_h_hiaasen_carl|amazon_com_mystery_thrillers_general
9780553213539	The Invisible Man	H.G. WELLS	Bantam Classics	1983			
9781573247023	The Food Revolution: How Your Diet Can Help Save Your Life and Our World	Robbins, John|Dean Ornish MD	Conari Press	2001			amazon_com_cooking_food_wine_vegetables_vegetarian_general|amazon_com_health_mind_body_diets_weight_loss_diets_general|amazon_com_health_mind_body_diets_weight_loss_diets_healthy|amazon_com_health_mind_body_personal_health_healthy_living
9780563537236	Down to Earth	Addis, Faith	BBC Books	2000			
9781932560497	Bedtime Stories for Women	Nancy Madore	Llumina Press	2003			amazon_com_literature_fiction_general_contemporary|amazon_com_literature_fiction_genre_fiction_erotica_general|amazon_com_literature_fiction_short_stories_united_states|amazon_com_literature_fiction_short_stories_general
9780345406415	Rookery blues	Hassler, Jon	Ballantine Books	1996			universities_and_colleges_minnesota_fiction|college_teachers_minnesota_fiction|jazz_musicians_minnesota_fiction|historical_fiction|musical_fiction
9780553158939	The ghost in the bell tower	Pascal, Francine|Suzanne, Jamie	Bantam Skylark Book	1992			
9780807530818	The guide dog mystery	Warner, Gertrude Chandler|Tang, Charles	A. Whitman	1996		PZ7	dogs_training_fiction|orphans_fiction
9781591824091	Chobits, Book 8	Clamp	TokyoPop	2003			amazon_com_science_fiction_fantasy_science_fiction_general|amazon_com_comics_graphic_novels_manga_general|amazon_com_comics_graphic_novels_manga_shonen_boys|amazon_com_comics_graphic_novels_manga_shojo_girls|amazon_com_comics_graphic_novels_manga_by_publisher_tokyopop|amazon_com_comics_graphic_novels_manga_fantasy|amazon_com_comics_graphic_novels_manga_science_fiction
9780425170502	White Horses	Hoffman, Alice	Berkley Publishing Group	1999			
9780553057454	Confessions	Silber, Diana	Bantam Books	1990	813.54	PS3569	
9780451156457	The New Left	Rand, Ayn	Signet	1988	303.484		
9780966080520	Day job	Baird, Jonathan|Allen, Carol	Allen & Osborne	1998		HF5548.8	business_investing_organizational_behavior_workplace|entertainment_humor_business|entertainment_humor_self_help_psychology|literature_fiction_world_literature_united_states|literature_fiction_contemporary|nonfiction_social_sciences_anthropology_cultural|psychology_industrial_humor|clerks_humor|offices_humor|work_environment_humor|work_philosophy|working_class_writings_american|diary_fiction
9780553288551	The wind dancer	Johansen, Iris	Bantam Books	1991			
9780373707010	Hot & bothered	Ann Llewellyn Evans	Harlequin Books	1996			love_stories
9780440213291	The copper beech	Binchy, Maeve	Dell	1993			country_life_ireland_fiction|ireland_fiction|pastoral_fiction
9780440222828	The Mercy Rule	Lescroart, John T.	Island Books	1999			
9780609608739	Justice	Dunne, Dominick	Crown Publishers	2001			trials_murder_united_states
9780395440902	The boy of the three-year nap	Snyder, Dianne|Say, Allen	Houghton Mifflin	1988	398.2	PZ8.1	laziness_folklore|folklore_japan|japan_fiction
9780840758637	The confessions of Saint Augustine	Blaiklock, E. M.	T. Nelson	1983		BR65	augustine_saint_bishop_of_hippo|christian_saints_algeria_hippo_extinct_city_biography|hippo_extinct_city_biography
9782070363513	Au-dessous du volcan	Lowry M	Gallimard	1973			
9780060960803	The movie lover's guide to New York	RICHARD ALLEMAN	Perennial Library	1988	384.8097471	F128.18	motion_picture_industry_new_york_n_y|new_york_n_y_description_1981_guide_books_aaaa0
9780553560725	A brilliant madness	Duke, Patty|Hochman, Gloria	Bantam Books	1993		D877	duke_patty_1946_mental_health_aaaa0|manic_depressive_illness_popular_works|manic_depressive_illness|actresses_united_states_biography|bipolar_disorder_popular_works
9780060809461	The Fires of Fu Manchu	Cay Van Ash	Harpercollins	1988	823.914		
9781551666488	Deadly Intent	Heggan, Christiane	Mira	2003			
9780395078655	A field guide to the butterflies	Klots, Alexander Barrett	Houghton Mifflin	1973			butterflies_north_america_identification
9780425089514	The tunnels of Cu Chi	Mangold, Tom|Penycate, John	Berkley Books	1997	959.70434	DS559.8	vietnamese_conflict_1961_1975_tunnel_warfare|vietnamese_conflict_1961_1975_vietnam_cu_chi_quan|cu_chi_vietnam_quan_history
9780425180006	Nursery Crimes	Waldman, Ayelet	Berkley Publishing Group	2001			amazon_com_mystery_thrillers_mystery_general|amazon_com_mystery_thrillers_mystery_series|amazon_com_mystery_thrillers_mystery_women_sleuths|amazon_com_mystery_thrillers_general
9780758203007	Circle of five	Riccio, Dolores	Kensington Books	2003	813.6	PS3618	female_friendship_fiction|witches_fiction|kidnapping_fiction|missing_children_fiction
9780786015504	Perfect Poison	M. William Phelps	Pinnacle Books	2003			
9780307085740	Day on Sesame Street	Golden Books	Golden Books	1994			
9780553492156	Elizabeth's Secret Diary, Volume III	Pascal, Francine	Sweet Valley	1997			
9780743407076	Grand Avenue	Fielding, Joy	Pocket Books	2001		PR9199.3	women_ohio_cincinnati_fiction|female_friendship_fiction|cincinnati_ohio_fiction|domestic_fiction|ohio_fiction
9780373071494	Quest of the Eagle	Seger, Maura	Silhouette	1986			
9780684848150	Underworld	DeLillo, Don	Scribner Paperback Fiction	1998		PS3554	amazon_com_literature_fiction_general_contemporary|amazon_com_literature_fiction_general_literary|amazon_com_literature_fiction_authors_a_z_d_delillo_don|united_states_social_life_and_customs_1945_1970_fiction|united_states_social_life_and_customs_1971_fiction
9780201632958	Mama makes up her mind	White, Bailey	Addison-Wesley	1993	814.54	PN6162	georgia_social_life_and_customs_humor|southern_states_social_life_and_customs_1865_humor_aaaa0
9780452281943	Tomato Red	Woodrell, Daniel	Plume Books	2000			amazon_com_literature_fiction_general_contemporary
9780415165235	American civilization	Mauk, David|Oakland, John S.	Routledge	1998	973.0	E169.1	united_states_civilization|united_states_civilization_study_and_teaching_foreign_countr
9781555745899	A Second-Hand Christmas	Brian Cochran|Asman, Mark F.	CBN Publishing	1991			
9780373167197	Princess In Denim	McKnight, Jenna	Harlequin	1998	813.0		literature_fiction|romance_contemporary
9780330307246	Wallis: Secret Lives of the Duchess of Windsor	Higham, Charles	Trans-Atlantic Publications	1989			
9780395368954	A porcupine named Fluffy	Lester, Helen|Munsinger, Lynn	Houghton Mifflin	1986		PZ7	names_personal_fiction|porcupines_fiction|rhinoceroses_fiction
9783505072925	Highway-Melodie: Mit dem Motorrad 20 000 km quer durch die USA	Oluf Zierl	F. Schneider	1981			
9782070715237	La Disparition	Georges Perec	Gallimard]	1990			
9782266128780	N comme nausee	Grafton	Pocket	2002			
9780440102946	The American short story	Calvin Skaggs	Dell	1977			short_stories_american
9780373109890	Velvet Promise	Mortimer, Carole	Harlequin	1987			
9780812540017	Dead Simple	Land, Jon	Forge	1999	813.54		
9780425177372	At Last	Bretton, Barbara	Berkley Publishing Group	2000			amazon_com_romance_authors_a_z_b_bretton_barbara|amazon_com_romance_general|amazon_com_romance_contemporary_general
9780416522600	Sarah's Nest Pb	Gilbert, Harry	Methuen Publishing Ltd	1985			
9780870697340	Warman's Antiques and Collectibles Price Guide 1995	Rinker, Harry L.	Warman Pub Co	1995	745.1075		
9780851709611	Luchino Visconti	Nowell-Smith, Geoffrey	British Film Institute	2003		PN1998	amazon_com_biographies_memoirs_arts_literature_entertainers|amazon_com_nonfiction_current_events_mass_media_media_studie|visconti_luchino_film|visconti_luchino_1906_1976_aaaa0|motion_picture_producers_and_directors_italy_biography|visconti_luchino_1906_1976
9781593150006	Pessimisms	Marcus, Eric	CDS Books	2003	817.0		
9780807841921	Wild Flowers of North Carolina	Justice, William G.	University of North Carolina Press	1987			amazon_com_science_biological_sciences_plants_flowers|amazon_com_outdoors_nature_field_guides_flowers
9780671318468	Sentry Peak	Turtledove, Harry	Baen	2001			
9780764313769	Complete Cookie Jar Book 3ED	Mike Schneider	Schiffer Publishing, Ltd	0			
9780373441150	Call of the wild	Lisa Bingham	Harlequin Books	2001			
9780345350589	The source of magic	Anthony, Piers	Ballantine Books	1990			amazon_com_science_fiction_fantasy_fantasy_general|amazon_com_science_fiction_fantasy_fantasy_magic_wizards|amazon_com_science_fiction_fantasy_authors_a_z_a_anthony_pie|amazon_com_science_fiction_fantasy_authors_a_z_a_antho_aaaa0|amazon_com_science_fiction_fantasy_fantasy_series_general|fantasy_fiction_aaaa0|xanth_imaginary_place_fiction
9780517223659	Anatomy, descriptive and surgical	Gray, Henry David|Pick, T. Pickering|Howden, Robert	Bounty Books	1991	611.0	QM23	human_anatomy|anatomy
9780425042106	The Visitor	Cunningham, Jere	Berkley	1979			
9780002219983	Contract	Seymour, Gerald	Wm Collins & Sons & Co	1980			
9780671728137	The joys of Yiddish	Rosten, Leo Calvin	Pocket Books	1991			yiddish_language_glossaries_vocabularies_etc|jewish_wit_and_humor|english_language_foreign_words_and_phrases_yiddish
9780505523723	Dark Prince	Feehan, Christine	Love Spell	1999			amazon_com_romance_fantasy_futuristic_ghost|amazon_com_romance_contemporary_general
9782221082621	Le desir du cannibale: Roman	Tapie, Jean-Paul	R. Laffont	1996			
9780849910579	A dance with deception	Colson, Charles W.|Pearcey, Nancy	Word Pub	1993	277.30829	BT738	sociology_christian|church_and_social_problems_united_states|christian_ethics|united_states_moral_conditions
9783426701966	Das Schwert von Avalon.	Bradley, Marion Zimmer|Paxson, Diana L.|Gabaldon, Diana|Gilliam, Richard|Greenberg, Martin Harry|Kramer, Edward E.	Droemersche Verlagsanstalt Th. Knaur Nachf., GmbH & Co	2000			
9780451208675	No one left behind	Yarsinske, Amy Waters	New American Library	2003		DS79.744	speicher_michael_scott|persian_gulf_war_1991_aerial_operations_american|fighter_pilots_united_states_biography
9780688115524	Staying fat for Sarah Byrnes	Crutcher, Chris	Greenwillow Books	1993		PZ7	
9789729278273	Angola, paz so com Muxima	Abel Matias	Colegio de Lamego	1993			
9782070382880	Un Homme Qui Dort	Georges Perec	Editions Flammarion	1990	848.0		
9780446516044	The dirty half dozen	William Nagler|Anne Androff	Warner Books	1991			interpersonal_relations|interpersonal_communication
9780373036639	The Provocative Proposal	Leclaire, Day	Harlequin	2001			
9780836236545	I need help, too!	Lee, Vic	Andrews and McMeel	1997	741.5973	PN6727	
9780425068045	They came to Baghdad	Christie, Agatha	Berkeley Pub. Group	1994			
9780385297073	The naked heart	Briskin, Jacqueline	Delacorte Press	1989			world_war_1939_1945_france_fiction|revenge_fiction|betrayal_fiction|man_woman_relationships_fiction|historical_fiction
9788447301263	No Digas Que Fue Un Sue�o	Terenci Moix	RBA Editores	1998			
9780892965199	Fallen into the pit	Peters, Ellis	Mysterious Press/Warner Books	1994	823.912	PR6031	felse_george_fictitious_character_fiction|police_england_fiction|england_fiction|mystery_fiction
9780299196806	A passion to preserve	Fellows, Will	University of Wisconsin Press	2004	306.76620922	HQ75.7	gay_men_united_states_biography|cultural_property_protection_united_states
9780670862931	Love of fat men	Dunmore, Helen	Viking	1997	821.914		
9780307119735	Just a daydream	Mayer, Mercer	Golden Book	1990		PZ7	bullies_fiction|fantasy_juvenile_literature|picture_books_for_children
9780060196974	Art lover	Gill, Anton	HarperCollins	2002	709.2	N5220	guggenheim_peggy_1898|art_collectors_united_states_biography|art_collectors_europe_biography
9780684864228	Between silk and cyanide	Marks, Leo	Free Press	1999		D810	marks_leo|world_war_1939_1945_cryptography|world_war_1939_1945_secret_service_great_britain|world_war_1939_1945_personal_narratives_british|cryptographers_great_britain_biography
9780425103531	The Mysterious Mr. Quin	Christie, Agatha	Berkley	1994			
9780312851910	Psychosphere	Lumley, Brian	Tor Books	2001			
9781879181304	The Pleiadian Agenda	Clow, Barbara Hand	Bear & Company	1995			amazon_com_religion_spirituality_new_age_general|amazon_com_religion_spirituality_religious_studies_controver|amazon_com_religion_spirituality_occult_spiritualism|amazon_com_religion_spirituality_occult_unexplained_mysterie
9780671042974	Belle Terre	Smith, Dean|Carey, Diane	Pocket Books	2000			amazon_com_science_fiction_fantasy_authors_a_z_c_carey_diane|amazon_com_science_fiction_fantasy_authors_a_z_s_smith_dean_|amazon_com_science_fiction_fantasy_science_fiction_adventure|amazon_com_science_fiction_fantasy_science_fiction_general|amazon_com_science_fiction_fantasy_media_star_trek_general|science_fiction|radio_and_television_novels
9780385083744	Toulouse-Lautrec	Huisman, Philippe|Dortu, M. G.	Doubleday	1973		ND553	toulouse_lautrec_henri_de_1864_1901
9780064431033	This is the bear	Hayes, Sarah|Craig, Helen	Harper & Row	1986		PZ8.3	toys_fiction
9781857990089	The Night	Stamp, Terence	Phoenix House	1993			literature_fiction
9780891074090	Letters of Francis A. Schaeffer	Schaeffer, Francis A.|Dennis, Lane T.	Crossway Books	1986	291.0		
9780349108155	Getting rid of Mister Kitchen	Higson, Charles	Abacus	2001			
9780451526571	Heart of darkness	Conrad, Joseph	Signet Classic	1997			amazon_com_literature_fiction_world_literature_british_aaaa7|amazon_com_literature_fiction_general_classics|amazon_com_literature_fiction_authors_a_z_c_conrad_joseph|europeans_africa_fiction|suffering_fiction|criminals_fiction|ships_employees_fiction|sea_stories|congo_democratic_republic_fiction
9780449204177	Mrs. Pollifax on the China station	Gilman, Dorothy	Fawcett Crest	1984			pollifax_emily_fictitious_character_fiction|intelligence_service_united_states_fiction|women_spies_united_states_fiction
9780849954139	Thank you	Boltz, Ray	J. Countryman	1998	241.4		gratitude_religious_aspects_christianity|gratitude|christian_life
9780373613595	The Mercenary	Leigh, Allison	Silhouette	2003			amazon_com_romance_general|amazon_com_romance_contemporary_general
9780393008326	The small room	Sarton, May	Norton	1976	813.52	PZ3	amazon_com_literature_fiction_general_contemporary|amazon_com_literature_fiction_authors_a_z_s_sarton_may
9780060525194	A Wanted Man	Law, Susan Kay	Avon	2004			amazon_com_romance_authors_a_z_l_lawkay_susan|amazon_com_romance_general|amazon_com_romance_contemporary_general|amazon_com_romance_historical_general
9780373791484	His hot number	Shannon Hollis	Harlequin	2004			amazon_com_romance_general|amazon_com_romance_contemporary_general|love_stories
9780805028188	"""C"" is for corpse"	Grafton, Sue	H. Holt	1986			detective_and_mystery_stories
9780312194062	The marrow of tradition	Chesnutt, Charles Waddell|Bentley, Nancy|Gunning, Sandra	Bedford/St. Martin's	2002		PS1292	racially_mixed_people_fiction|wilmington_n_c_fiction|african_americans_fiction|race_relations_fiction|riots_fiction
9781551665511	All Fall Down	Erica Spindler	Mira	2000	813.54		
9780907040712	The firewalkers	King, Francis	GMP	1985			fiction_in_english_1945_texts
9780151970872	Wind, sand, and stars	Saint-Exupery, Antoine de	Harcourt Brace Jovanovich	1992	848.91209	PQ2637	amazon_com_biographies_memoirs_arts_literature_authors|amazon_com_biographies_memoirs_general|amazon_com_literature_fiction_world_literature_french|amazon_com_literature_fiction_authors_a_z_s_saint_exupery_an|amazon_com_biographies_memoirs_specific_groups_adventurers_e|amazon_com_nonfiction_transportation_aviation_piloting_fligh|saint_exupery_antoine_de_1900_1944|authors_french_20th_century_biography|air_pilots_france_biography
9780440224228	Dream lover	Henley, Virginia	Delacorte Press	1997			
9780446314862	To Kill a Mockingbird	Lee, Harper	Not Avail	1982			
9780743203920	Great presidential wit	Dole, Robert J.	Scribner	2001		E176.1	presidents_united_states_biography_anecdotes|presidents_united_states_humor
9780961815219	100 hikes in the Central Oregon Cascades	Sullivan, William	Navillus Press	1991			hiking_oregon_guidebooks|hiking_cascade_range_guidebooks|oregon_guidebooks|cascade_range_guidebooks
9780006377214	A sparrow's flight	Hailsham of St Marylebone, Quintin Hogg	Collins	1991			hailsham_of_st_marylebone_quintin_hogg_baron_1907_aaaa0
9780373625406	Nightmare Passage	James Axler	Gold Eagle	1997			
9780449139424	Loneliness is Rotting on a Book Rack	Hart, Johnny	Ballantine Books	1981			
9788472235717	Sin Plumas	Allen, Woody	Tusquets	2002	370.0		
9780440217701	The Five Minute Lawyer's Guide to Bad Debts	Michael Cane	Dell	1995			
9780595199426	In His Corner	Joan Lewis	Writers Club Press	2001	813.0		
9780872398511	Three Hundred Sixty-Five Devotions	Leah A. Crussell	Standard Publishing Company	1985			
9780553380989	Once Removed	Yoshikawa, Mako	Bantam	2004	813.0		
9780895862754	Complete guide to prescription & non-prescription drugs	Griffith, H. Winter	HP Books	1983	615.1		drugs_popular_works|drugs_nonprescription_popular_works
9780140075632	The black seraphim	Gilbert, Michael Francis	Penguin Books	1985	823.914	PR6013	detective_and_mystery_stories
9780449223147	Best Defense	Wilhelm, Kate	Fawcett	1995			amazon_com_mystery_thrillers_authors_a_z_w_wilhelm_kate
9780312971205	The House That Ate the Hamptons	Brady, James E.	St. Martin's Press	2000			amazon_com_literature_fiction_general_contemporary
9780425116739	Lightning Int	Koontz, Dean R.	Berkley	1988			
9780826322524	El puente	Romo, Ito	University of New Mexico Press	2000	813.6	PS3568	mexican_american_women_fiction|mexican_american_border_region_fiction_aaaa0|rio_grande_fiction|bridges_fiction|domestic_fiction
9780893758271	Demon Cat and Other Strange Tales	Aaron Percifull	Troll Communications Llc	1983			
9780758206244	Burning Bridges	Soos, Troy	Kensington Publishing Corporation	2004			amazon_com_mystery_thrillers_mystery_general|amazon_com_mystery_thrillers_authors_a_z_s_soos_troy|amazon_com_mystery_thrillers_general
9780451212856	Early eight	Fawkes, L. T.	SignetBooks	2004			mystery_fiction
9780399152191	Trace	Cornwell, Patricia Daniels	G.P. Putnam's Sons	2004	813.54	PS3553	amazon_com_mystery_thrillers_mystery_series|amazon_com_mystery_thrillers_mystery_women_sleuths|amazon_com_mystery_thrillers_authors_a_z_c_cornwell_patricia|amazon_com_mystery_thrillers_authors_a_z_c_cornwell_pa_aaaa0|amazon_com_mystery_thrillers_general|scarpetta_kay_fictitious_character_fiction|teenage_girls_crimes_against_fiction|forensic_pathologists_fiction|women_physicians_fiction|virginia_fiction|mystery_fiction
9781892343253	Number, Please	Sheree Petree	Oak Tree Publishing (IL)	2002			amazon_com_mystery_thrillers_mystery_general|amazon_com_mystery_thrillers_mystery_women_sleuths|amazon_com_mystery_thrillers_general
9780451410276	Final justice	Kopp, Nancy	Onyx	2002			women_lawyers_illinois_chicago_fiction|legal_stories|women_lawyers_fiction|chicago_ill_fiction
9783499503665	Ingmar Bergman: Mit Selbstzeugnissen und Bilddokumenten	Eckhard Weise	Rowohlt	1987			
9780783503257	Kids cooking	Time-Life Books|Williams, Chuck|Chris Shorten|Susan Manlin Katzman	Time-Life Books	1998	641.5123	TX652.5	amazon_com_childrens_books_sports_activities_cooking|amazon_com_cooking_food_wine_baking_desserts|amazon_com_cooking_food_wine_general|cookery_juvenile_literature|cookery
9780020420101	Martin Luther King, Jr	Dharathula H. Millender|Fiorentino, Al	Aladdin Books	1986	323.40924	E185.97	king_martin_luther_jr_1929_1968_childhood_and_youth_juvenile|king_martin_luther_jr_1929_1968_childhood_and_youth|african_americans_biography_juvenile_literature|baptists_united_states_clergy_biography_juvenile_literature|african_americans_civil_rights_juvenile_literature|clergy|civil_rights_workers|african_americans_biography
9780821748916	Lady Of The Forest	Roberson, Jennifer	Z Trade Paper	1999	813.54		
9780060237622	The borning room	Fleischman, Paul	HarperCollins	1991		PZ7	frontier_and_pioneer_life_fiction|ohio_fiction
9780061042546	The Kennedy contract	Davis, John F.	HarperPaperbacks	1993	364.1524092	E842.9	kennedy_john_f_john_fitzgerald_1917_1963_assassination_archi|mafia_united_states
9783442309986	Ich bin gekommen.	Sarah	Goldmann	2002			
9780671003111	SHINY WATER	Salter, Anna C.	Pocket Star	1998			amazon_com_mystery_thrillers_mystery_general|amazon_com_mystery_thrillers_general
9782868698407	La surproductivit�: R�cit	Kim, Sung Bok	Actes Sud	1993			
9780765194251	The Barn	Laura Brooks	Smithmark Publishers	1997	728.9220973		
9780590528375	Jesse	Soto, Gary	Scholastic	1996			amazon_com_childrens_books_authors_illustrators_a_z_s_soto_g|mexican_americans_fiction|college_stories
9783442441099	Die Kanzlei.	Lashner, William	Goldmann	1998			
9780671578800	Balshazzar's serpent	Chalker, Jack L.|Eggleton, Bob	Baen	2000	813.54	PS3553	life_on_other_planets_fiction|science_fiction
9780070066168	Casebook in abnormal psychology	Vitkus, John	McGraw-Hill	1996			psychiatry_case_studies
9780373244201	Another Man'S Children	Flynn, Christine	Silhouette	2001	813.0		romance_contemporary_general|romance_contemporary_general_aas|romance_series_silhouette_special_edition|romance_general|romance_general_aas
9780397013159	The last mystery of Edgar Allan Poe	Meyers, Manny	Lippincott	1978	813.54	PS3563	poe_edgar_allan_1809_1849_in_literature
9780071371780	E-strategy pure & simple	Robert, Michel|Racine, Bernard	McGraw-Hill	2000	658.84		electronic_commerce|electronic_commerce_management|strategic_planning
9780670864010	Becoming visible	McGarry, Molly|Wasserman, Fred	Penguin Studio	1998	306.76609730904	HQ75.16	homosexuality_united_states_history_20th_century|gays_united_states_history_20th_century
9780919433533	Uneasy patriots	Kilgour, David	Lone Pine	1988	971.203	F1060.92	regionalism_canada_western|federal_government_canada_western|canada_western_politics_and_government|canada_western_economic_conditions
9781886913042	Without a Guide	Govier, Katherine	Ruminator Books	1996	910.82		biographies_memoirs_specific_groups_women|reference_writing_travel|travel_specialty_travel_adventure_general|travel_general|science_earth_sciences_geography_general
9780062510488	Essential Tibetan Buddhism	Thurman, Robert A. F.	Harper San Francisco	1995	294.3923	BQ7604	buddhism_china_tibet|tibet_china_religion
9780965834506	Bloodwalk	Killough, Lee|Murphy, Kevin R.|Pagel, Stephen	Meisha Merlin Pub	1997			amazon_com_horror_authors_a_z_k_killough_lee|amazon_com_horror_general|amazon_com_horror_vampires|amazon_com_mystery_thrillers_thrillers_spy_stories_tales_of_|vampires_fiction|police_fiction
9780889088887	Professional selling	Vipperman, Carol	Self-Counsel Press	1991	658.85		selling|women_in_business
9780192100436	David Copperfield	Dickens, Charles	Oxford University Press	1999	823.8	PR4558	young_men_fiction|england_fiction|autobiographical_fiction|bildungsromans
9780300037791	J. M. W. Turner	Gage, John D.	Yale University Press	1987	760.0924	N6797	turner_j_m_w_joseph_mallord_william_1775_1851_themes_motives|turner_j_m_w_joseph_mallord_william_1775_1851_criticism_and_
9780553280609	Gentle Conqueror	Gronau, Mary Ellen	Bantam	1989	813.54		
9780245541506	Las ratas	Delibes, Miguel|Hickey, Leo	Harrap	1969	863.64		nonfiction_education|fiction_in_spanish_1945_texts
9780130338464	El t�nel	Sabato	Prentice Hall	1992	468.0		
9780689120831	Landscape of lies	Watson, Peter	Atheneum	1990	823.914	PR6073	
9780425059609	Dog training my way	Woodhouse, Barbara	Berkley Books	1982			dogs_training
9780394429823	Iberia, Spanish travels and reflections	Michener, James A.|Vavra, Robert	Random House	1968			michener_james_a_james_albert_1907_1997_travel_spain|spain_description_and_travel|spain_civilization
9780449206362	When Eight Bells Toll	MacLean, Alistair	Fawcett	1983			amazon_com_mystery_thrillers_authors_a_z_m_maclean_alistair
9780064472395	For real / by Christa Roberts	Christa Roberts	HarperCollins Publishers	2000		PZ7	amazon_com_teens_literature_fiction_general|amazon_com_childrens_books_people_places_girls_women_fiction|fathers_and_daughters_fiction|friendship_fiction|death_fiction|high_schools_fiction|schools_fiction
9780515111972	To Scotland And Love	Cartland, Barbara	Jove	1993	813.0		literature_fiction|romance
9780786220298	No Time for Love	Cartland, Barbara	Thorndike Press	1999	823.912		literature_fiction|romance_historical
9780451164537	True Crime Stories	Max Haines	New Amer Library (Mm)	1989			nonfiction_true_accounts_true_crime
9780671797355	The little plane	Tucker, Sian	Little Simon	1993			airplanes_fiction
9781576107119	MCSE Windows 2000 network	Carbeck, Hank|Derek Melber|Taylor, Rick J.|Taylor, Richard	Coriolis Group Books	2000	5.713769	QA76.3	amazon_com_computers_internet_certification_central_exams_mc|amazon_com_computers_internet_certification_central_pu_aaaa4|amazon_com_computers_internet_certification_central_subjects|amazon_com_computers_internet_networking_networks_prot_aaaa1|amazon_com_computers_internet_microsoft_operating_systems_wi|amazon_com_computers_internet_certification_central_general|amazon_com_computers_internet_networking_networks_protocols_|amazon_com_computers_internet_general|microsoft_windows_computer_file|electronic_data_processing_personnel_certification|computer_networks_examinations_study_guides
9780064472067	Stephen Fair	Wynne-Jones, Tim	HarperTrophy	2000		PZ7	family_problems_fiction|nightmares_fiction
9780891078067	A gentle calling	Crow, Donna Fletcher	Crossway Books	1994	813.54	PS3553	methodists_fiction|methodist_church_fiction|women_england_fiction|clergy_fiction|historical_fiction|christian_fiction
9780892836529	Study Guide for Charles Colson's Against the Night	Art Lindsley	Servant Publications	1989			history_world
9780006380924	The Kenneth Williams letters	Williams, Kenneth S.|Davies, Russell	HarperCollins	1995	792.028092	PN2598	williams_kenneth_1926_correspondence|actors_great_britain_correspondence
9780415006651	Selected poetry and prose	Pope, Alexander|Sowerby, Robin	Routledge	1988	821.5	PR3622	
9780340125540	Travelling in	Furlong, Monica	Hodder & Stoughton	1971	200.19	BV4832.2	meditations
9780553245257	Sabotage	Leibold, Jay	Bantam Books	1984			
9780373018307	Falcon on the mountain	Lavender, Gwyn	Harlequin Books	1974			
9780823048014	Simple Outdoor Style	Ljiljana Baird	Watson-Guptill Publications	1998			
9780533138623	One Night in a Strange Blue Light	Reynolds, Blair	Vantage Pr	2002			literature_fiction
9780449237823	CAVES OF STEEL	Asimov, Isaac	Fawcett	1981			
9780446673921	The little yoga book	Erika Dillman	Warner Books	1999	613.7046	BL1238.52	amazon_com_health_mind_body_exercise_fitness_general|amazon_com_health_mind_body_exercise_fitness_yoga|yoga
9780060953232	The language of choice theory	Glasser, William|Carleen Glasser	HarperPerennial	1999	158.2	BF637	amazon_com_health_mind_body_relationships_interpersonal_rela|amazon_com_health_mind_body_relationships_mate_seeking|amazon_com_health_mind_body_psychology_counseling_education_|amazon_com_health_mind_body_psychology_counseling_general|interpersonal_communication|interpersonal_relations
9780394534329	The middle heart	Lord, Bette	Alfred A. Knopf	1996	813.54	PS3562	friendship_china_fiction|china_history_20th_century_fiction|historical_fiction
9780965583770	Red sky in mourning	Tami Oldham Ashcraft|Susea McGearhart	Bright Works Pub	1998			ashcraft_tami_oldham_journeys|hazana_sailboat|oceania
9780863162091	Aaron and Gayla's counting book	Greenfield, Eloise|Gilchrist, Jan Spivey	Published for Black Butterfly Children's Books by Writers and Readers Pub	1994			counting_juvenile_literature
9780300002270	Sun Chief	Talayesva, Don C.|Simmons, Leo W.	Yale University Press	1963	979.135	E99	talayesva_don_c_b_1890|hopi_indians_biography|hopi_indians_social_life_and_customs
9780310225690	Raising great kids	Cloud, Henry|Townsend, John Rowe	Zondervan Pub. House	1999	248.845	BV4529	parenting_religious_aspects_christianity
9780805400069	Fit to Be Mom	Camp, Kim	Broadman & Holman Pub	1996	613.0		health_mind_body_exercise_fitness_pregnancy|parenting_families_family_relationships_motherhood|religion_spirituality_christianity_christian_living
9780385306775	Nobody's angel	Robards, Karen	Delacorte Press	1992	813.54	PS3568	indentured_servants_fiction|south_carolina_history_colonial_period_ca_1600_1775_fiction|love_stories
9780812517842	The fury	Farris, John	Simon & Schuster	1994			young_adult_fiction|horror_fiction
9780723002741	The Times concise atlas of world history	Barraclough, Geoffrey	Times Books	1985			historical_geography_maps|world_to_1980_atlases
9780553379303	The memory of fire	Foy, George	Bantam Books	2000	813.54	PS3556	women_musicians_fiction|science_fiction
9780670703715	The Thomas Street horror	Paul, Raymond	Viking Press	1982	813.54	PS3566	
9780139180538	Dave Sperling's Internet guide	Sperling, Dave	Prentice Hall	1998	428.00285		english_language_study_and_teaching_foreign_speakers_data_pr|internet
9780679772583	Time will darken it	Maxwell, William	Vintage International	1997		PS3525	family_illinois_fiction|family_southern_states_fiction|domestic_fiction
9780486400754	Italian Renaissance Costumes Paper Dolls (Paper Doll Series)	Tierney, Tom	Dover Publications	1998			amazon_com_childrens_books_arts_music_art_fashion|amazon_com_childrens_books_sports_activities_activity_books_|amazon_com_childrens_books_ages_4_8_general
9780141185088	Cannery Row	Steinbeck, John|Shillinglaw, Susan	Penguin	2000	813.52		
9780345337603	A gift of hope	Veninga, Robert L.	Ballantine Books	1986			loss_psychology|life_change_events|hope_psychological_aspects
9780380823130	Wildfires Book Four: The Story of Canada	Adair, Dennis|Rosenstock, Janet	Avon Books	1983	813.54		literature_fiction_genre_fiction_historical|romance_historical
9780399232480	Redwall Map & the Redwall Riddler	Jacques, Brian|Baker, Chris|Walker, Jonathan	G. P. Putnam's Sons	1998			amazon_com_childrens_books_animals_mice_hamsters_guinea_pigs|amazon_com_childrens_books_literature_science_fiction_fantas|amazon_com_childrens_books_series_fantasy_adventure_redwall|amazon_com_teens_science_fiction_fantasy_fantasy|amazon_com_teens_science_fiction_fantasy_science_fiction|amazon_com_childrens_books_authors_illustrators_a_z_j_jacque
9783426611692	Die Roten Wasser Von Bath	Joss, Morag	Droemersche Verlagsanstalt Th. Knaur Nachf. GmbH &	1999			literature_fiction|mystery_thrillers_mystery
9780881846409	On the run	Wills, Maury|Celizic, Mike	Carroll & Graf	1992		GV865	wills_maury_1932|los_angeles_dodgers_baseball_team|baseball_players_united_states_biography|narcotic_addicts_united_states_biography
9780262581301	Postmetaphysical thinking	Jrgen Habermas	MIT Press	1994		B3258	philosophy_modern_20th_century|civilization_modern_philosophy
9780140301199	Tales of the Greek heroes	Green, Roger Curtis|Middleton-Sandford, Betty	Puffin Books	1958	398.22		mythology_greek_juvenile_literature
9781863739313	The Quicksand Pony	Lester, Alison	Allen & Unwin	1997			childrens_books|literature_fiction
9780425046845	Time Enough For Love	Heinlein, Robert A.	Berkley	1980			
9780441372768	Ironbrand	Morressy, John	Berkley Publishing Group	1984			
9781850297062	Chateau Cuisine	Willan, Anne	Conran Octopus Ltd	1995			
9780688032364	So long until tomorrow	Thomas, Lowell	Morrow	1977	70.924	CT275	thomas_lowell_1892_1981|united_states_biography
9780907871323	Hermit of Peking	Trevor-Roper, Hugh Redwald	Eland	1993		DS734.9	amazon_com_history_asia_china_general|backhouse_e_edmund_sir_1873_1944|sinologists_great_britain_biography
9780836190809	Armageddon and the peaceable kingdom	Klaassen, Walter	Herald Press	1999	236.9		amazon_com_religion_spirituality_religious_studies_history|amazon_com_religion_spirituality_christianity_theology_escha|bible_prophecies_eschatology|eschatology_biblical_teaching|eschatology
9788489954014	Tapas and More Great Dishes from Spain	Janet Mendel|Wood, John Maxwell	Santana Books,Spain	1997	641.0		cooking_food_wine_regional_international
9780830716074	What the Bible Is All About	Mears, Henrietta C.	Gospel Light Pubns	1993			religion_spirituality_general
9780395081778	All my pretty ones	Sexton, A. Jeanette|Sexton, Anne	Houghton Mifflin	1962			
9780886777425	God's dice	S. Andrew Swann	Daw Books	1997			literature_fiction_contemporary|literature_fiction_general_aas|science_fiction_fantasy_fantasy_general|science_fiction_fantasy_fantasy_general_aas|science_fiction
9780898400922	The well family book	Kuntzleman, Charles T.	Here's Life Publishers	1985	613.0	RA777.7	family_health_and_hygiene|christian_life|holistic_medicine|health
9780811800655	Best restaurants of San Francisco	Patricia Unterman	Chronicle Books	1991	647.957946	TX907.3	restaurants_california_san_francisco_bay_area_guidebooks
9780316807098	Space station seventh grade	Spinelli, Jerry	Little, Brown and Co	1982		PZ7	
9780819869647	The splendor of truth	John Paul	St. Paul Books & Media	1993		BX860	catholic_church_doctrines|encyclicals_papal|church_work_with_families_catholic_church
9780553205985	Hiroshima	Hersey, John	Bantam Doubleday Dell	1981			
9781564651587	A Dog Owner's Guide to Training Your Dog	Palmer, Joan	Tetra Press	1993	636.0		home_garden_animal_care_pets_dogs
9780449908815	Danger zones	Beauman, Sally	Fawcett Columbine	1996	823.914	PR6052	fashion_fiction|detective_and_mystery_stories
9780027366600	Branigan's Dog	Grace, Fran	Atheneum	1981			
9780439155311	Beautiful You!	Stacy, Lori	Scholastic	2000	646.7046		childrens_books_science_nature_how_it_works_health
9781558704411	The Crafts Supply Sourcebook: A Comprehensive Shop-by-Mail Guide for Thousands of Craft Materials	Boyd, Margaret Ann	Betterway Books	1996	745.5029473		home_garden_crafts_hobbies
9780553095098	Deception	Quick, Amanda	Bantam Books	1993	813.54	PS3561	romantic_suspense_novels|historical_fiction|love_stories
9780866051514	A Skeptics Quest	Musser, Joe	Thomas Nelson Publishers	1984			nonfiction_philosophy_general|nonfiction_philosophy_general_aas
9780151585885	The meeting at Telgte	Grass, Gnter	Harcourt Brace Jovanovich	1981	833.914	PT2613	
9780813511771	Raising a baby the government way	Ladd-Taylor, Molly	Rutgers University Press	1986			child_rearing_united_states_history_miscellanea|motherhood_united_states_miscellanea|pregnancy_miscellanea
9780877770343	P. S. your not listening	Craig, Eleanor	R. W. Baron	1972	371.94	LC4169	mentally_ill_children_education
9780590412469	The Taking of Mariasburg	Thompson, Julian F.	Point	1989			childrens_books_literature_general
9780967200606	Northwoods pulp	Sparrow, Thomas	Bluestone Press	1999			minnesota_fiction
9782912517067	L'invitation � la vie conjugale	Huth, Angela	Quai Voltaire	1998			
9780373077373	Michael'S House	Warren, Pat|Cox, Patricia	Silhouette	1996	813.0		romance_authors_a_z_w_warren_pat|romance_contemporary|romance_series_silhouette_intimate_moments|romance_regency
9780385468787	101 things you can do for our children's future	Louv, Richard	Anchor Books	1994			children_united_states_social_conditions|children_government_policy_united_states|family_policy_united_states
9780694003211	Maggie Simpson's Book of Animals	Maggie Groening|Groening, Matt	Harpercollins Childrens Books	1991	591.0		childrens_books_baby_3|childrens_books_ages_4_8|teens_series_the_simpsons
9780679882596	Xena Warrior Princess: Princess in Peril	Kerry Milliron	Random House Books for Young Readers	1996			childrens_books_action_adventure|science_fiction_fantasy
9780451209191	Midsummer Magic	Coulter, Catherine	Signet Book	2003			
9781577656760	Adventures of Huckleberry Finn	Twain, Mark|Laiken, Deidre S.|Pablo Marcos Studio	Abdo Publishing Company	2002			amazon_com_childrens_books_literature_action_adventure|amazon_com_childrens_books_literature_classics_by_age_genera|amazon_com_literature_fiction_world_literature_united__aaaa4|amazon_com_childrens_books_ages_9_12_general|amazon_com_literature_fiction_world_literature_united__aaaa5|amazon_com_childrens_books_authors_illustrators_a_z_t_twain_|amazon_com_literature_fiction_authors_a_z_t_twain_mark_gener
9780688111274	Mr. Food cooks like Mama	Art Ginsburg	Morrow	1992		TX714	cookery
9781879288720	The Book of Margery Kempe	Kempe, Margery|Staley, Lynn	University of Michigan Press	1996	248.2092		biographies_memoirs_arts_literature_authors|biographies_memoirs_specific_groups_women|biographies_memoirs_general|literature_fiction_world_literature_british_general|religion_spirituality_other_practices_mysticism
9780140351323	Under the Lilacs	Alcott, Louisa M.	Puffin	1991			childrens_books_people_places_social_issues|teens_literature_fiction_classics|teens_social_issues
9780684834795	Kindling the flame	Israeloff, Roberta	Simon & Schuster	1998		BM726	israeloff_roberta_1952_religion|jewish_women_united_states_religious_life|judaism_united_states|jews_united_states_social_life_and_customs
9780140192469	The sleepwalkers	Koestler, Arthur	Penguin	1990	523.101		amazon_com_religion_spirituality_new_age_general|amazon_com_religion_spirituality_occult_general|amazon_com_religion_spirituality_religious_studies_science_r|amazon_com_science_astronomy_cosmology|amazon_com_science_astronomy_universe|amazon_com_professional_technical_professional_science_aaab5|cosmology_history_20th_century
9780759232464	Castle Murders	DeChancie, John	eReads.com	2003			
9780316316200	The 60th monarch	Glemser, Bernard	Little, Brown	1974	813.54	PZ3	
9780671559250	With mercy toward none	Cook, Glen	Baen	1985			
9781562941420	How On Earth Do We Recycle Met	Kouhoupt And Marti	Millbrook Press	1992	669.0		childrens_books_literature|childrens_books_science_nature_how_it_works_environmen_aaaa0|childrens_books_science_nature_how_it_works_health_diseases|professional_technical_engineering
9781557733979	The Baby	Kegan, Stephanie	Diamond/Charter	1990	813.54		literature_fiction_genre_fiction_horror
9780517122266	10, 000 garden questions answered by 20 experts	Dietz, Marjorie J.|Rockwell, F. F.	Wings Books	1994	635.0	SB453	gardening_miscellanea
9781570640711	What Can It Be?: A Barney Book and Tape	White, Stephen|Sharp, Chris|David McGlothlin	Barney Publishing	1996			mystery_thrillers_authors_a_z_w_white_stephen
9780877951995	Starett	Deutcsh, Arthur V.	Arbor House	1978		PS3554	
9781559343794	Human Motor Development	Isaacs, Larry D.	Mayfield Pub Co	1995	155.4123		health_mind_body_psychology_counseling_developmental_psychol|health_mind_body_psychology_counseling_neuropsychology|health_mind_body_psychology_counseling_general
9780889104624	The girl wants to	Crosbie, Lynn	Coach House Press	1994	810.803538		erotic_literature_canadian|erotic_literature_american|erotic_literature_women_authors|women_sexual_behavior_literary_collections|canadian_literature_20th_century|american_literature_20th_century
9780553486025	No escape!	Suzanne, Jamie|Pascal, Francine	Bantam	1998			caves_juvenile_fiction|caving_juvenile_fiction|adventure_stories
9780395416495	Diary of a yuppie	Auchincloss, Louis	Houghton Mifflin	1986	813.54	PS3501	
9780449243114	The Spinoza of Market Street	Singer, Isaac Bashevis	Fawcett Crest	1981			
9780877734611	The Life and Letters of Tofu Roshi	Moon, Susan Ichi Su	Shambhala	1988	818.5407		
9780874771596	Overcoming writing blocks	PhD. Maureen D. Mack|PhD. Eric Skjei|Mack, Karin|Skjei, Eric W.	J. P. Tarcher	1980	808.02	PN147	health_mind_body_psychology_counseling_general|reference_foreign_languages_general|reference_publishing_books_authorship|reference_writing_writing_skills|authorship|authorship_handbooks_manuals_etc
9780425170618	Delusions of Grandeur	Anderson, Kevin J.	Berkley Publishing Group	1997			amazon_com_childrens_books_literature_science_fiction_fantas|amazon_com_science_fiction_fantasy_science_fiction_general|amazon_com_teens_series_young_jedi_knights|amazon_com_childrens_books_series_science_fiction_star_aaaa1
9780140236460	Wuthering Heights According to Spike Milligan	Milligan, Spike	Penguin Books Ltd	1995			entertainment_humor_general_aas|literature_fiction_general_general_aas|literature_fiction_general_aas
9780745168081	The Handmaid's Tale	Atwood, Margaret Eleanor|Joanna David	Chivers Audio Books	1999	813.0		literature_fiction|reference|science_fiction_fantasy_science_fiction
