isbn,title,author,publisher,year_published,dewey_decimal
9781593376864,A beginner's guide to day trading online,"Turner, Toni.",Adams Media,2007,332.64
9780671027421,The Water Nymph,Michele Jaffe,Pocket Star,2001,
9781580625708,A beginner's guide to short-term trading,"Turner, Toni.",Adams Media,2002,332.63
9780534916459,A first course in the theory of linear statistical models,"Myers, Raymond H. Milton, J. Susan",PWS-KENT Pub. Co.,1991,519.5
9780131367364,"A practical guide to Linux commands, editors, and shell programming","Sobell, Mark G.",Prentice Hall,2010,005.4
9780321691699,A second course in statistics : regression analysis,"Mendenhall, William. Sincich, Terry.",Pearson Education,2012,519.5
9781402017070,Advanced sampling theory with applications : how Michael 'selected' Amy,"Singh, Sarjinder",Kluwer Academic Publishers,2003,519.5
9780471113386,An introduction to categorical data analysis,"Agresti, Alan.",Wiley,1996,519.5
9780198566625,An introduction to model-based survey sampling with applications,"Chambers, R. L. Clark, Robert G.",Oxford University Press,2012,519.5
9780534387754,An introduction to modern nonparametric statistics,"Higgins, James J.",Brooks/Cole,2004,519.5
9780471899877,Analysis of survey data,"Chambers, R. L. Skinner, C. J.",Wiley,2003,001.4
9780803930148,Analyzing complex survey data,"Lee, Eun Sul. Forthofer, Ron N. Lorimor, Ronald J.",Sage Publications,1989,001.4
9780256117363,Applied linear statistical models,N/A,Irwin,1996,519.5
9780195152968,Applied longitudinal data analysis : modeling change and event occurrence,"Singer, Judith D. Willett, John B.",Oxford University Press,2003,001.4
9780387953472,Applied multivariate analysis,"Timm, Neil H.",Springer,2002,519.5
9780534237967,Applied multivariate methods for data analysts,"Johnson, Dallas E.",Duxbury Press,1998,519.5
9780131877153,Applied multivariate statistical analysis,"Johnson, Richard A. Wichern, Dean W.",Pearson Prentice Hall,2007,519.5
9780130417732,Applied multivariate statistical analysis,"Johnson, Richard Arnold. Wichern, Dean W.",Prentice Hall,1992,519.5
9780471170822,Applied regression analysis,"Draper, Norman Richard. Smith, Harry",Wiley,1998,519.5
9780803945401,"Applied regression analysis, linear models, and related methods","Fox, John",Sage Publications,1997,300
9780137436422,Applied statistics and the SAS programming language,"Cody, Ronald P. Smith, Jeffrey K.",Prentice Hall,1997,519.5
9781420080667,Applied survey data analysis,"Heeringa, Steven West, Brady T. Berglund, Patricia A.",Chapman & Hall/CRC,2010,001.4
9780486420790,Basic set theory,"Le´vy, Azriel",Dover Publications,2002,511.3
9780764516962,Bioinformatics for dummies,"Claverie, Jean-Michel. Notredame, Cedric.",Wiley Pub.,2003,570
9780521574716,Bootstrap methods and their application,"Davison, A. C. Hinkley, D. V.",Cambridge University Press,1997,519.5
9781599941899,Building web applications with SAS,"Henderson, Don",SAS Institute,2007,005.2
9780521009621,"Calculated bets : computers, gambling, and mathematical modeling to win","Skiena, Steven S.",Cambridge University Press,2001,511
9780534218034,"Calculus, Student Solutions Manual Volume 2","Stewart, James",Brooks/Cole Pub. Co.,1995,515
9780471360933,Categorical data analysis,"Agresti, Alan.",Wiley-Interscience,2002,519.5
9780841501911,CIA: the myth and the madness,"McGarvey, Patrick J.",Saturday Review Press,2000,353
9780226104416,Collective action and the civil rights movement,"Chong, Dennis.",University of Chicago Press,1991,323.1
9780691130965,Complex adaptive systems : an introduction to computational models of social life,"Miller, John H. Page, Scott E.",Princeton University Press,2007,300.1
9780124262805,Current topics in survey sampling,"Krewski, D. Platek, Richard. Rao, J. N. K.",Academic Press,1981,001.4
9780471383390,Day trade futures online,"Williams, Larry R.",Wiley,2000,332.64
9780471331209,Day trade online,"Farrell, Christopher A.",John Wiley,1999,332.64
9780387985619,Design and analysis of experiments,"Dean, Angela Voss, Daniel.",Springer,1999,001.4
9780471551782,Design and analysis of experiments,"Hinkelmann, Klaus Kempthorne, Oscar.",J. Wiley,1994,001.4
9780471157465,Design and analysis of experiments,"Montgomery, Douglas C.",Wiley,1997,001.4
9781584889236,Design of experiments : an introduction based on linear models,"Morris, Max",Chapman & Hall/CRC,2011,519.5
9780534368340,Design of experiments : statistical principles of research design and analysis,"Kuehl, R. O.",Duxbury/Thomson Learning,2000,001.4
9780521889452,Designing effective Web surveys,"Couper, Mick.",Cambridge University Press,2008,300.72
9780262520409,Discrete multivariate analysis: theory and practice,"Bishop, Yvonne M. M. Fienberg, Stephen E. Holland, Paul W.",MIT Press,2000,519.5
9781482203530,Dynamic documents with R and knitr,"Xie, Yihui",CRC Press,2014,005.5
9780879440091,Economic survey methods,"Lansing, John B.  Morgan, James N.","Research Center, University of Michigan",2000,330
9780534243425,Elementary survey sampling,"Scheaffer, Richard L. Mendenhall, William. Ott, Lyman.",Duxbury Press,1995,519.5
9780534921859,Elementary survey sampling,"Scheaffer, Richard L. Mendenhall, William. Ott, Lyman.",PWS-KENT Pub. Co.,1990,519.5
9780137435760,Elements of sampling theory and methods,"Govindarajulu, Z.",Prentice Hall,1999,519.5
9780792340454,Elements of survey sampling,"Singh, Ravindra. Singh Mangat, Naurang.",Kluwer Academic Publishers,1996,001.4
9781584884156,Epidemiology : study design and data analysis,"Woodward, M.",Chapman & Hall/CRC,2005,614.4
9780470011331,Estimation in surveys with nonresponse,"Sa¨rndal, Carl-Erik Lundstro¨m, Sixten.",John Wiley,2005,519.5
9780471699460,"Experiments: Planning, Analysis, and Optimization","Wu, Chien-Fu. Hamada, Michael",Wiley,2009,519.5
9780471025634,Foundations of inference in survey sampling,"Cassel, Claes Sa¨rndal, Carl-Erik Wretman, Jan Ha°kan",Wiley,1977,519.5
9780412317606,Generalized linear models,"McCullagh, P. Nelder, John A.",Chapman & Hall/CRC,1998,519.5
9780470073711,"Generalized, linear, and mixed models","McCulloch, Charles E. Searle, S. R. Neuhaus, John M.",Wiley,2008,519.5
9780471295426,Getting started in technical analysis,"Schwager, Jack D.",John Wiley,1999,332.63
9781592801985,Hit and run trading updated,"Cooper, Jeff",M. Gordon Pub. Group,2004,332.64
9780596000264,"HTML and XHTML, the definitive guide","Musciano, Chuck. Kennedy, Bill",O'Reilly,2000,005.7
9781848720473,IBM SPSS statistics 18 made simple,"Kinnear, Paul R. Gray, Colin D.",Psychology Press,2010,005.5
9780387707822,Indirect sampling,"Lavalle´e, Pierre.",Springer,2007,519.5
9780465025220,Intellectuals and society,"Sowell, Thomas.","Basic Books, A Member of the Perseus Books Group",2011,305.5
9780471698685,"Internet, mail, and mixed-mode surveys : the tailored design method.","Dillman, Don A. Smyth, Jolene D. Christian, Leah Melani.",Wiley & Sons,2009,300.72
9780761951612,Introducing ANOVA and ANCOVA : a GLM approach,"Rutherford, Andrew",SAGE,2001,519.5
9780486650845,"Introduction to difference equations : with illustrative examples from economics, psychology, and sociology","Goldberg, Samuel",Dover Publications,1986,515
9780387329178,Introduction to variance estimation,"Wolter, Kirk M.",Springer,2007,519.5
9780139316500,Japanese candlestick charting techniques : a contemporary guide to the ancient investment technique of the Far East,"Nison, Steve.",New York Institute of Finance,1991,332.63
9780764535420,JavaServer pages : your visual blueprint for designing dynamic content with JSP,"Whitehead, Paul",Hungry Minds,2001,005.2
9780471042990,Joint application development,"Wood, Jane Silver, Denise.",Wiley,1995,004.2
9780763717087,Lebesgue integration on Euclidean space,"Jones, Frank",Jones and Bartlett,2001,515
9780201824780,Linear algebra and its applications,"Lay, David C.",Addison-Wesley,1997,512
9780321385178,Linear algebra and its applications,"Lay, David C.",Addison-Wesley,2012,512
9780131907294,Linear algebra with applications,"Bretscher, Otto.",Prentice Hall,1997,512
9780387950273,Linear mixed models for longitudinal data,"Verbeke, Geert. Molenberghs, Geert.",Springer,2000,519.5
9780471754985,Linear models in statistics,"Rencher, Alvin C. Schaalje, G. Bruce.",Wiley-Interscience,2008,519.5
9781584884255,Linear models with R,"Faraway, Julian James.",Chapman & Hall/CRC,2005,519.5
9780534980382,Matrices with applications in statistics,"Graybill, Franklin A.",Wadsworth International Group,1983,512.9
9780470009611,Matrix algebra useful for statistics,"Searle, S. R.",Wiley-Interscience,2006,512.9
9780471458418,Methods for testing and evaluating survey questionnaires,"Presser, Stanley. Rothgeb, Jennifer M. Couper, Mick P. Lessler, Judith T. Martin, Elizabeth. Martin, Jean. Singer, Eleanor.","John Wiley & Sons, Inc.",2004,300
9780471418894,Methods of multivariate analysis,"Rencher, Alvin C.",J. Wiley,2002,519.5
9781584883258,Modelling survival data in medical research,"Collett, D.",Chapman & Hall/CRC,2003,610
9780470740521,Multiple imputation and its application,"Carpenter, James R. Kenward, Michael G.",John Wiley & Sons,2013,610.72
9780138132316,Multivariate data analysis,"Hair, Joseph F.",Prentice Hall,2010,519.5
9780525953722,No easy day : the autobiography of a Navy SEAL : the firsthand account of the mission that killed Osama bin Laden,"Owen, Mark. Maurer, Kevin.",Dutton,2012,359.9
9780486682525,Number theory,"Andrews, George E.",Dover Publications,1994,512
9780471939344,Practical methods for design and analysis of complex surveys,"Lehtonen, Risto. Pahkinen, Erkki.",Wiley,1995,001.4
9780534229023,Principles of biostatistics,"Pagano, Marcello Gauvreau, Kimberlee",Duxbury,2000,570
9780763702922,Programming and problem solving with C++,"Dale, Nell B. Weems, Chip. Headington, Mark R.",Jones and Bartlett,1997,005.13
9780763717636,Programming and problem solving with Visual Basic .NET,"Dale, Nell B.",Jones and Bartlett Publishers,2003,005.2
9780735621831,Programming Microsoft Visual Basic 2005: the language,"Balena, Francesco",Microsoft Press,2006,005.2
9780312654801,"Public opinion : coalitions, elites, and masses","Holloway, Harry George, John H.",St. Martin's Press,1979,303.3
9780387985220,Random number generation and Monte Carlo methods,"Gentle, James E.",Springer,1998,519.2
9781557982735,Reading and understanding multivariate statistics,"Grimm, Laurence G. Yarnold, Paul R.",American Psychological Association,1995,001.4
9780312173005,Rogue regimes : terrorism and proliferation,"Tanter, Raymond.",St. Martin's Press,1998,327.1
9780340545539,Sample survey principles and methods,"Barnett, Vic.",Edward Arnold,1991,519.5
9780470402313,Sampling,"Thompson, Steven K.",Wiley,2012,519.5
9780534353612,Sampling : design and analysis,"Lohr, Sharon L.",Duxbury Press,1999,519.5
9780534979867,Sampling for health professionals,"Levy, Paul S. Lemeshow, Stanley",Lifetime Learning Publications,1980,362.1
9781584882145,Sampling Methodologies,"Miller, William C.",Chapman & Hall/CRC [Imprint] $c Nov.,2000,519.5
9780471155751,Sampling of populations : methods and applications,"Levy, Paul S. Lemeshow, Stanley.",Wiley,1999,304.6
9780471508229,Sampling of populations--methods and applications,"Levy, Paul S. Lemeshow, Stanley.",Wiley,1991,304.6
9780470454602,Sampling statistics,"Fuller, Wayne A.",Wiley,2009,519.5
9780813816173,Sampling theory of surveys with applications,"Sukhatme, Pandurang Vasudeo",Iowa State University Press,1984,519.5
9780672329845,Sams teach yourself Visual BASIC 2008 in 24 hours : complete starter kit,"Foxall, James D.",Sams Pub.,2008,005.2
9781555444211,SAS,N/A,SAS Institute,1991,519.5
9781599943404,SAS 9.2 Intelligence Platform,N/A,SAS Pub.,2009,519.5
9780471221746,SAS for linear models,"Littell, Ramon C. Stroup, Walter W. Freund, Rudolf J.",SAS Institute,2002,519.5
9781555443719,"SAS language and procedures : usage, version 6.",N/A,SAS Institute,1989,519.5
9781555444303,SAS System for linear models,"Littell, Ramon C. Freund, Rudolf J. Spector, Philip C.",SAS Institute,1991,519.5
9780312325695,Short term trading in the new stock market,"Turner, Toni.",St. Martin's Press,2005,332.63
9780486668932,Singular integral equations : boundary problems of function theory and their application to mathematical physics,"Muskhelishvili, N. I.",Dover Publications,1992,515
9781400049523,Slander : liberal lies about the American right,"Coulter, Ann H.",Three Rivers Press,2002,320.52
9780471413745,Small area estimation,"Rao, J. N. K.",John Wiley,2003,519.5
9780486646848,Some theory of sampling.,"Deming, W. Edwards",Dover Publications,2000,311
9780387988634,Statistical consulting,"Cabrera, Javier. McDougall, Andrew",Springer,2002,001.4
9781439849637,Statistical methods for handling incomplete data,"Kim, Jae Kwang Shao, Jun",N/A,2000,519.5
9780314068064,Statistics for the behavioral sciences : a first course for students of psychology and education,"Gravetter, Frederick J. Wallnau, Larry B.",West Pub. Co.,1996,519.5
9780471818847,Stochastic simulation,"Ripley, Brian D.",Wiley,1987,001.4
9780321388834,Study Guide: Linear Algebra,"Lay, David C.",Addison-Wesley,2012,512
9780471483489,Survey methodology,"Groves, Robert M. Fowler, Floyd J. Couper, Mick P. Lepkowski, James M. Singer, Eleanor Tourangeous, Roger",Wiley-Interscience,2004,001.4
9780387953991,Survival analysis : techniques for censored and truncated data,"Klein, John P. Moeschberger, Melvin L.",Springer,2003,610
9781575210735,Teach yourself JavaScript in a week,"Danesh, Arman.",Sams.net,1996,005.13
9780672310454,Teach yourself Transact-SQL in 21 days,"McEwan, Bennett Wm. Solomon, David S.",Sams Pub.,1997,005.75
9780131345973,Technical analysis plain and simple : charting the markets in your language,"Kahn, Michael N.",Financial Times Prentice Hall,2006,332.63
9780387988641,Testing statistical hypotheses,"Lehmann, E. L. Romano, Joseph P.",Springer,2005,519.5
9780226092539,The American voter,"Campbell, Angus",Wiley,1960,324
9780312136345,The Bedford reader,"Kennedy, X. J. Kennedy, Dorothy M. Aaron, Jane E.",Bedford Books,1997,808
9780387848570,"The elements of statistical learning : data mining, inference, and prediction","Hastie, Trevor. Tibshirani, Robert. Friedman, J. H.",Springer,2009,006.3
9780201634594,The Java application programming interface,"Gosling, James Yellin, Frank.",Addison-Wesley Publ.,1996,005.13
9780879422936,The probability tutoring book : an intuitive course for engineers and scientists (and everyone else!),"Ash, Carol",IEEE Press,1993,620
9780470973929,The R book,"Crawley, Michael J.",John Wiley & Sons Inc.,2013,519.50285
9780199747047,The science of web surveys,"Tourangeau, Roger. Conrad, Frederick G. Couper, Mick.",Oxford University Press,2013,300.72
9780878915156,The statistics problem solver : a complete solution guide to any textbook,"Fogiel, M.",Research and Education Association,2000,519.5
9780470448489,The truth about day trading stocks : a cautionary tale about hard challenges and what it takes to succeed,"DiPietro, Josh",Wiley,2009,332.63
9780742547179,The voter's guide to election polls,"Traugott, Michael W. Lavrakas, Paul J.",Rowman & Littlefield Publishers,2008,303.3
9780387951089,Topics in survey sampling,"Mukhopadhyay, Parimal.",Springer,2001,519.5
9780471384731,Trade stocks online,"Larson, Mark L.",Wiley,2000,332.64
9780764556890,Trading for dummies,"Griffis, Michael. Epstein, Lita.",Wiley,2004,332.64
9781400050321,Treason : liberal treachery from the cold war to the war on terrorism,"Coulter, Ann H.",Crown Forum,2003,320.51
9780444703576,Unified theory and strategies of survey sampling,"Chaudhuri, Arijit Vos, J. W. E.",North-Holland,1988,519.5
9780472065912,Value change in global perspective,"Abramson, Paul R. Inglehart, Ronald.",University of Michigan Press,1995,306
9780789708151,VBScript by example,"Honeycutt, Jerry.",Que,1996,005.2
9780669388138,Writers INC : a student handbook for writing & learning,"Sebranek, Patrick. Meyer, Verne. Kemper, Dave.",Write Source,1996,808
9780596527211,XSLT,"Tidwell, Doug.",O'Reilly,2001,005.7
9780764536519,XSLT for dummies,"Wagner, Richard",Hungry Minds,2002,005.7
9780449909287,Operating Instructions: A Journal of My Son's First Year,Anne Lamott,Ballantine Books,1994,
9780373708352,"Doctor'S Daughter  (Men Of Glory) (Harlequin Superromance, 835)",Judith Bowen,Harlequin,1999,
9780812513738,"The Shadow Rising (The Wheel of Time, Book 4)",Robert Jordan,Tor Fantasy,1993,
9788485229604,La crónica del Perú (Crónicas de América),Pedro de Cieza de León,Historia 16,1984,
9780812971064,Reading Lolita in Tehran: A Memoir in Books,Azar Nafisi,Random House Trade Paperbacks,2003,
9780375700699,Trap Line (Vintage Crime/Black Lizard),Carl Hiaasen,Vintage Books USA,1998,
9780553213539,The Invisible Man (Bantam Classic),H.G. WELLS,Bantam Classics,1983,
9781573247023,The Food Revolution: How Your Diet Can Help Save Your Life and Our World,John Robbins,Conari Press,2001,
9780563537236,Down to Earth: The Year of the Cornflake (Down to Earth),Faith Addis,BBC Consumer Publishing,2000,
9781932560497,Bedtime Stories for Women,Nancy Madore,Llumina Press,2003,
9780345406415,Rookery Blues,Jon Hassler,Ballantine Books,1996,
9780553158939,"The Ghost in the Bell Tower (Sweet Valley Twins and Friends Super Chiller, No 4)",Francine Pascal,Bantam Skylark Book,1992,
9780807530818,"The Guide Dog Mystery (Boxcar Children Mysteries, 53)",Gertrude Chandler Warner,Albert Whitman &amp; Company,1996,
9781591824091,"Chobits, Book 8",Clamp,Tokyopop,2003,
9780425170502,White Horses,Alice Hoffman,Berkley Publishing Group,1999,
9780553057454,Confessions,Diana Silber,Bantam Dell Pub Group,1990,
9780451156457,The New Left: The Anti-Industrial Revolution,Ayn Rand,New Amer Library (Mm),1988,
9780966080520,Day Job:  A Workplace Reader for the Restless Age,Jonathan Baird,LPC Group,1998,
9780553288551,The Wind Dancer,IRIS JOHANSEN,Bantam,1991,
9780373707010,"Hot &amp; Bothered (Women Who Dare) (Harlequin Superromance, No 701)",Ann Evans,Harlequin,1996,
9780440213291,The Copper Beech,Maeve Binchy,Dell,1993,
9780440222828,The Mercy Rule,John T. Lescroart,Island,1999,
9780609608739,"Justice: Crimes, Trials, and Punishments",Dominick Dunne,Crown Publishing Group (NY),2001,
9780395440902,The Boy of the Three-Year Nap,Dianne Snyder,Houghton Mifflin/Walter Lorraine Books,1988,
9780840758637,The confessions of Saint Augustine: A new translation with introductions,Augustine,T. Nelson,1983,
9782070363513,Au-dessous du volcan,Lowry M,Gallimard,1973,
9780060960803,The Movie Lover's Guide to New York: The Ultimate Guide to Movie New York-An Inside Look at over 25 Attractions from Motion Picture Past and Present,Richard Alleman,Harpercollins,1988,
9780553560725,A Brilliant Madness: Living With Manic-Depressive Illness,Patty Duke,Bantam Books,1993,
9780060809461,The Fires of Fu Manchu,Cay Van Ash,Harpercollins,1988,
9781551666488,Deadly Intent,Christiane Heggan,Mira,2003,
9780395078655,Field Guild to Eastern Butterflies,Alexandrer B. Klots,Houghton Mifflin Company,1973,
9780425089514,The Tunnels of Cu Chi,Tom Mangold,Berkley Publishing Group,1997,
9780425180006,Nursery Crimes (Mommy-Track Mysteries (Paperback)),Ayelet Waldman,Berkley Publishing Group,2001,
9780758203007,Circle of Five,Dolores Stewart Riccio,Kensington Publishing Corporation,2003,
9780786015504,Perfect Poison: A Female Serial Killer's Deadly Medicine,M. William Phelps,Pinnacle Books,2003,
9780307085740,Day on Sesame Street,Golden Books,Golden Books,1994,
9780553492156,"Elizabeth's Secret Diary (Sweet Valley High , Vol 3 (Special Issue))",Kate William,Sweet Valley,1997,
9780743407076,Grand Avenue,Joy Fielding,Atria,2001,
9780373071494,Quest Of The Eagle (Silhouette Intimate Moments),Maura Seger,Silhouette,1986,
9780684848150,UNDERWORLD: A NOVEL,Don DeLillo,Scribner,1998,
9780201632958,Mama Makes Up Her Mind: And Other Dangers of Southern Living,Bailey White,Perseus Publishing,1993,
9780452281943,Tomato Red,Daniel Woodrell,Plume Books,2000,
9780415165235,American Civilization: An Introduction,David Mauk,Routledge,1998,
9781555745899,A Second-Hand Christmas,Brian Cochran,Word Publishing,1991,
9780373167197,"Princess In Denim (The Princess &amp; The Pauper) (Harlequin American Romance, No 719)",Jenna McKnight,Harlequin,1998,
9780330307246,Wallis: Secret Lives of the Duchess of Windsor: The Scandalous Truth about the Century's Most Infamous Woman,Charles Higham,Trans-Atlantic Publications,1989,
9780395368954,A Porcupine Named Fluffy,Helen Lester,Houghton Mifflin/Walter Lorraine Books,1986,
9783505072925,Highway-Melodie: Mit dem Motorrad 20 000 km quer durch die USA (Schneider-Buch),Oluf Zierl,F. Schneider,1981,
9782070715237,La Disparition (French Language Edition),Georges Perec,Distribooks Inc,1990,
9782266128780,N comme nausee,Grafton,Pocket,2002,
9780440102946,The American short story,Calvin Skaggs,Dell,1977,
9780373109890,"Velvet Promise (Harlequin Presents, No 989)",Carole Mortimer,Harlequin,1987,
9780812540017,Dead Simple,Jon Land,Tor Books (Mm),1999,
9780425177372,At Last,Barbara Bretton,Berkley Publishing Group,2000,
9780416522600,SARAH'S NEST PB,GILBERT H,Methuen Publishing Ltd,1985,
9780870697340,Warman's Antiques and Collectibles Price Guide 1995 (Warman's Antiques &amp; Collectibles Price Guide),Harry L. Rinker,Krause Pubns,1995,
9780851709611,Luchino Visconti,Geoffrey Nowell-Smith,BFI Publishing,2003,
9781593150006,"Pessimisms: Famous (and not so famous) Observations, Quotations, Thoughts, and Ruminations on What to Expect When You're Expecting the Worst",Eric Marcus,CDs Books,2003,
9780807841921,"Wild Flowers of North Carolina: Also covering Virginia, South Carolina, and areas of Georgia, Tennessee, Kentucky, West Virginia, Maryland, and Delaware",William S. Justice,University of North Carolina Press,1987,
9780671318468,Sentry Peak (Baen Fantasy),Harry Turtledove,Baen,2001,
9780764313769,Complete Cookie Jar Book 3ED,Mike Schneider,"Schiffer Publishing, Ltd.",0,
9780373441150,"Call of the Wild / Everything but Anchovies (Duets 2-In-1, 49)",Lisa Bingham,Harlequin,2001,
9780345350589,Source of Magic (Xanth Novels (Paperback)),Piers Anthony,Del Rey Books,1990,
9780517223659,Gray's Anatomy: The Classic Collector's Edition,Henry Gray,Gramercy Books,1991,
9780425042106,The Visitor,Jere Cunningham,Berkley Publishing Group,1979,
9780002219983,Contract,Gerald Seymour,Harper &amp; Collins,1980,
9780671728137,JOYS OF YIDDISH,Leo Rosten,Pocket,1991,
9780505523723,Dark Prince,Christine Feehan,Love Spell,1999,
9782221082621,Le désir du cannibale: Roman,Jean-Paul Tapie,R. Laffont,1996,
9780849910579,A dance with deception: Revealing the truth behind the headlines,Charles W Colson,Word Pub,1993,
9783426701966,Das Schwert von Avalon.,Marion Zimmer Bradley,"Droemersche Verlagsanstalt Th. Knaur Nachf., GmbH &amp; Co.",2000,
9780451208675,No One Left Behind: The Lieutenant Commander Michael Scott Speicher Story,Amy Waters Yarsinske,New American Library,2003,
9783257215380,????rger mit Produkt X. Roman.,Joan Aiken,Diogenes Verlag,1987,
9780688115524,Staying Fat for Sarah Byrnes,Chris Crutcher,Greenwillow,1993,
9789729278273,"Angola, paz só com Muxima",Abel Matias,Colégio de Lamego,1993,
9782070382880,Homme Qui Dort,Georges Perec,Schoenhof Foreign Books Inc,1990,
9780446516044,The Dirty Half Dozen: Six Radical Rules to Make Relationships Last,William Nagler,Little Brown &amp; Co,1991,
9780373036639,"Provocative Proposal (Wedded Blitz) (Romance, 3663)",Day Leclaire,Harlequin,2001,
9780836236545,I Need Help Too! (I Need Help),Vic Lee,Andrews McMeel Pub,1997,
9780425068045,They Came to Baghdad,Agatha Christie,Berkley Publishing Group,1994,
9780385297073,The Naked Heart,Jacqueline Briskin,Bantam Dell Pub Group,1989,
9788447301263,No Digas Que Fue Un Sueo,Terenci Moix,Rba Editores,1998,
9780892965199,Fallen into the Pit (Inspector George Felse Mystery),Ellis Peters,Warner Books Inc,1994,
9780299196806,A Passion to Preserve: Gay Men as Keepers of Culture,Will Fellows,University of Wisconsin Press,2004,
9780670862931,Love of fat men,Helen Dunmore,Viking,1997,
9780307119735,Just a Daydream (Golden Look-Look Books),MERCER MAYER,Golden Books,1990,
9780060196974,Art Lover: A Biography of Peggy Guggenheim,Anton Gill,HarperCollins,2002,
9780684864228,"Between Silk and Cyanide : A Codemaker's War, 1941-1945",Leo Marks,Free Press,1999,
9780425103531,The Mysterious Mr. Quin (Hercule Poirot Mysteries (Paperback)),Agatha Christie,Berkley Publishing Group,1994,
9780312851910,Psychosphere (Psychomech Trilogy),Brian Lumley,Tor Books,2001,
9781879181304,The Pleiadian Agenda: A New Cosmology for the Age of Light,Barbara Hand Clow,Bear &amp; Company,1995,
9780671042974,"Belle Terre (Star Trek: New Earth, Book 2)",Dean Wesley Smith,Star Trek,2000,
9780385083744,Toulouse-Lautrec (The Great impressionists),Philippe Huisman,Doubleday,1973,
9780064431033,This is the Bear,Sarah Hayes,HarperCollins Publishers,1986,
9781857990089,The night,Terence Stamp,Phoenix House,1993,
9780891074090,Letters of Francis A. Schaffer,Lane T. Dennis,Crossway Books,1986,
9780349108155,Getting Rid of Mr Kitchen,Charles Higson,Little Brown UK Ltd,2001,
9780451526571,Heart of Darkness and the Secret Sharer,Joseph Conrad,Signet Book,1997,
9780449204177,Mrs. Pollifax on the China Station,Dorothy Gilman,Fawcett Books,1984,
9780849954139,Thank You,Ray Boltz,J Countryman Books,1998,
9780373613595,The Mercenary,Allison Leigh,Silhouette,2003,
9780393008326,The Small Room: A Novel (Norton Library ; N832),May Sarton,W. W. Norton &amp; Company,1976,
9780060525194,A Wanted Man,Susan Kay Law,Avon,2004,
9780373791484,His Hot Number (Blaze),Shannon Hollis,Harlequin,2004,
9780805028188,C Is for Corpse: A Kinsey Millhone (Rinehart Suspense Novel),Sue Grafton,Henry Holt &amp; Company,1986,
9780312194062,The Marrow of Tradition (Bedford Cultural Editions),Charles W. Chesnutt,Bedford Books,2002,
9781551665511,All Fall Down (Mira),Erica Spindler,Mira,2000,
9780907040712,The Firewalkers,Francis King,Consortium Book Sales &amp; Dist,1985,
9780151970872,"Wind, Sand and Stars",Antoine de Saint-Exupery,Harcourt,1992,
9780440224228,Dream Lover,VIRGINIA HENLEY,Island Books,1997,
9780446314862,To Kill a Mockingbird,Harper Lee,Not Avail,1982,
9780743203920,Great Presidential Wit...I Wish I Was in the Book: A Collection of Humorous Anecdotes and Quotations,Bob Dole,Scribner,2001,
9780961815219,One Hundred Hikes in the Central Oregon Cascades (100 Hikes),William L. Sullivan,Navillus Pr,1991,
9780006377214,A Sparrow's Flight: A Memoir,Lord Hailsham of Marylebone,HarperCollins Publishers,1991,
9780373625406,"Nightmare Passage  (Deathlands 40) (Deathlands Series, No 40)",James Axler,Gold Eagle,1997,
9780449139424,Loneliness is Rotting on a Book Rack,Johnny Hart,Ballantine Books,1981,
9788472235717,Sin Plumas,Woody Allen,Tusquets,2002,
9780440217701,"The Five-Minute Lawyer's Guide to Bad Debts, Credit Problems, and Bankruptcy (Five Minute Lawyer Series)",Michael Allan Cane,Dell Publishing Company,1995,
9780595199426,In His Corner: Will the Real Billy Joe Please Stand,Joan Lewis,Writers Club Press,2001,
9780872398511,Three Hundred Sixty-Five Devotions,Leah A. Crussell,Standard Publishing Company,1985,
9780553380989,Once Removed,MAKO YOSHIKAWA,Bantam,2004,
9780895862754,Complete Guide to Prescription and Non-Prescription Drugs,H. Winter Griffith,HP Books,1983,
9780140075632,The Black Seraphim,Michael Francis Gilbert,Penguin USA,1985,
9780449223147,The Best Defense,Kate Wilhelm,Fawcett Books,1995,
9780312971205,The House That Ate the Hamptons,James Brady,St. Martin's Press,2000,
9780425116739,Lightning Int,Dean R. Koontz,Berkley Publishing Group,1988,
9780826322524,El Puente/The Bridge,Ito Romo,University of New Mexico Press,2000,
9780893758271,Demon Cat and Other Strange Tales,Aaron Percifull,Troll Communications Llc,1983,
9780758206244,Burning Bridges,Troy Soos,Kensington Publishing Corporation,2004,
9780451212856,Early Eight (Working Man's Mystery),L. T. Fawkes,Signet Book,2004,
9780399152191,Trace (Kay Scarpetta Mysteries (Hardcover)),Patricia Cornwell,Putnam Publishing Group,2004,
9781892343253,"Number, Please (Telephone Company Mystery)",Sheree Petree,Oak Tree Publishing (IL),2002,
9780451410276,Final Justice,Nancy Kopp,Onyx Books,2002,
9783499503665,Ingmar Bergman: Mit Selbstzeugnissen und Bilddokumenten (Rowohlts Monographien),Eckhard Weise,Rowohlt,1987,
9780783503257,Kids Cooking: Scrumptious Recipes for Cooks Ages 9 to 13 (Williams-Sonoma Kitchen Library),Time-Life Books,Time-Life Books,1998,
9780020420101,"Martin Luther King, Jr. : Young Man with a Dream (Childhood Of Famous Americans)",Dharathula H. Millender,Aladdin,1986,
9780821748916,Lady of the Forest,Jennifer Robertson,Kensington Publishing Corporation,1999,
9780060237622,The Borning Room,Paul Fleischman,HarperCollins Publishers,1991,
9780061042546,Kennedy Contract: The Mafia Plot to Assassinate the President,John H. Davis,Harpercollins,1993,
9783442309986,Ich bin gekommen.,Sarah,Goldmann,2002,
9780671003111,SHINY WATER,Anna Salter,Pocket Star,1998,
9782868698407,La surproductivit??©: R??©cit,Sung Ok Kim,Actes Sud,1993,
9780765194251,The Barn (Landmarks Series),Laura Brooks,Smithmark Publishers,1997,
9780590528375,Jesse,Gary Soto,Scholastic,1996,
9783442441099,Die Kanzlei.,William Lashner,Goldmann,1998,
9780671578800,Balshazzars Serpent,Jack L. Chalker,Baen,2000,
9780070066168,Casebook in Abnormal Psychology,John Vitkus,McGraw Hill College Div,1996,
9780373244201,"Another Man'S Children (Silhouette Special Edition, No. 1420)",Christine Flynn,Silhouette,2001,
9780397013159,The Last Mystery of Edgar Allan Poe,Manny Meyers,Lippincott,1978,
9780071371780,"e-Strategy, Pure &amp; Simple: Connecting Your Internet Strategy to Your Business Strategy",Michel Robert,McGraw-Hill Trade,2000,
9780670864010,Becoming Visible : An Illustrated History of Lesbian and Gay Life in Twentieth-Century America,Molly McGarry,Penguin USA,1998,
9780919433533,Uneasy patriots: Western Canadians in confederation,David Kilgour,Lone Pine,1988,
9781886913042,Without a Guide: Contemporary Women's Travel Adventures,Katherine Govier,Ruminator Books,1996,
9780062510488,Essential Tibetan Buddhism,Robert A.F. Thurman,Harpercollins,1995,
9780965834506,Blood Walk,Lee Killough,Meisha Merlin Pub,1997,
9780889088887,Professional Selling: A Woman's Guide : Surviving and Thriving (Self-Counsel Business Series),Carol Vipperman,Midpoint Trade Books Inc,1991,
9780192100436,David Copperfield (Oxford World's Classics Hardcovers),Charles Dickens,Oxford University Press,1999,
9780300037791,J.M.W. Turner: A Wonderful Range of Mind,John Gage,Yale Univ Pr,1987,
9780553280609,Gentle Conqueror,Mary Ellen Gronau,Bantam Books,1989,
9780245541506,Las Ratas (Modern World Literature Series),Miguel Delibes,Chambers Harrap Publishers Ltd,1969,
9780130338464,El túnel,Sabato,Prentice Hall,1992,
9780689120831,LANDSCAPE OF LIES,Peter Watson,Scribner,1990,
9780425059609,Dog Training My Way,Barbara Woodhouse,Berkley Publishing Group,1982,
9780394429823,Iberia: Spanish Travels and Reflections,James A. Michener,Random House,1968,
9780449206362,When Eight Bells Toll,Alistair MacLean,Fawcett Books,1983,
9780064472395,Turning Seventeen #3: For Real (Turning Seventeen),Christa Roberts,HarperCollins,2000,
9780515111972,"To Scotland and Love (Camfield, No 121)",Barbara Cartland,Jove Books,1993,
9780786220298,No Time for Love (Thorndike Large Print Candlelight Series),Barbara Cartland,Thorndike Press,1999,
9780451164537,True Crime Stories,Max Haines,New Amer Library (Mm),1989,
9780671797355,The Little Plane,Sian Tucker,Little Simon,1993,
9781576107119,MCSE Windows 2000 Network Exam Cram (Exam: 70-216),Hank Carbeck,Coriolis Group Books,2000,
9780064472067,Stephen Fair,Tim Wynne-Jones,HarperTrophy,2000,
9780891078067,"A Gentle Calling (The Cambridge Chronicles, Bk 1)",Donna Fletcher Crow,Good News Pub,1994,
9780892836529,Against the Night,Art Lindsley,Servant Publications,1989,
9780006380924,The Kenneth Williams letters,Kenneth Williams,HarperCollins,1995,
9780415006651,Selected Poetry and Prose (Routledge English Texts),Alexander Pope,Routledge,1988,
9780340125540,Travelling in,Monica Furlong,Hodder &amp; Stoughton,1971,
9780553245257,Sabotage,Jay Liebold,Bantam Books,1984,
9780373018307,"Falcon on the Mountain (A Harlequin Romance, #1830)",Gwyn Lavender,Mills &amp; Boon Limited,1974,
9780823048014,Simple Outdoor Style (Simple Style),Ljiljana Baird,Watson-Guptill Publications,1998,
9780533138623,One Night in a Strange Blue Light,Blair Reynolds,Vantage Pr,2002,
9780449237823,Caves of Steel,Isaac Asimov,Fawcett Books,1981,
9780446673921,The Little Yoga Book,Erika Dillman,Warner Books,1999,
9780060953232,The Language of Choice Theory,William Glasser,Perennial,1999,
9780394534329,The Middle Heart,Bette Bao Lord,Random House Inc,1996,
9780965583770,Red Sky in Mourning,Tami Oldham-Ashcraft,Bright Works Publishing,1998,
9780863162091,Aaron and Gayla's Counting Book,Eloise Greenfield,Writers &amp; Readers Publishing,1994,
9780300002270,Sun Chief: The Autobiography of a Hopi Indian. (Yale Western Americana Series),Leo W. Simmons,Yale University Press,1963,
9780310225690,Raising Great Kids,Henry Cloud,Zondervan Publishing Company,1999,
9780805400069,"Fit to Be Mom: Gaining Pyysical, Emotional, and Spiritual Balance in Pregnancy and Motherhood",Kim Camp,Broadman &amp; Holman Pub,1996,
9780385306775,Nobody's Angel,Karen Robards,Bantam Dell Pub Group,1992,
9780812517842,The Fury,John Farris,Tor Books (Mm),1994,
9780723002741,Times Concise Atlas of the World,Times Books,Times Books,1985,
9780553379303,The Memory of Fire (Bantam Spectra Book),George Foy,Bantam Dell Pub Group,2000,
9780670703715,The Thomas Street Horror,Raymond Paul,Penguin USA,1982,
9780139180538,Dave Sperling's Internet Guide,Dave Sperling,Pearson Education,1998,
9780679772583,Time Will Darken It (Time Will Darken It),WILLIAM MAXWELL,Vintage,1997,
9780486400754,Italian Renaissance Costumes Paper Dolls (Paper Doll Series),Tom Tierney,Dover Publications,1998,
9780141185088,Cannery Row (Penguin Modern Classics),John Steinbeck,Penguin Books Ltd,2000,
9780345337603,Gift of Hope: How We Survive Our Tragedies,Robert Veninga,Ballantine Books,1986,
9780380823130,Wildfires Book Four: The Story of Canada (Avon Camelot Books (Paperback)),Dennis Adair,Avon Books,1983,
9780399232480,Redwall Map &amp; the Redwall Riddler,Brian Jacques,G. P. Putnam's Sons,1998,
9783426611692,Die roten Wasser von Bath.,Morag Joss,Droemer Knaur,1999,
9780881846409,On the Run: The Never Dull and Often Shocking Life of Maury Wills,Maury Wills,Pub Group West,1992,
9780262581301,Postmetaphysical Thinking (Studies in Contemporary German Social Thought),Jrgen Habermas,The MIT Press,1994,
9780140301199,Tales of the Greek Heroes (Puffin Books),Roger Lancelyn Green,Penguin Putnam~mass,1958,
9781863739313,The Quicksand Pony (A Little Ark Book),Alison Lester,Allen &amp; Unwin children's books,1997,
9780425046845,Time Enough for Love,Robert A. Heinlein,Berkley Publishing Group,1980,
9780441372768,Ironbrand (Iron Angel Trilogy),John Morressy,Ace Books,1984,
9781850297062,Chateau Cuisine,Anne Willan,Conran Octopus,1995,
9780688032364,So Long Until Tomorrow: From Quaker Hill to Kathmandu,"Lowell Jackson, Thomas",Harpercollins,1977,
9780907871323,Hermit of Peking: The Hidden Life of Sir Edmund Backhouse,Hugh Trevor-Roper,Elan Press,1993,
9780836190809,Armageddon and the Peaceable Kingdom,Walter Klaassen,Herald Press (PA),1999,
9788489954014,Tapas &amp; More Great Dishes from Spain,Janet Mendel,"Santana Books (Santana, Ediciones, S.L.)",1997,
9780830716074,What the Bible Is All About: Niv,Henrietta C. Mears,Gospel Light Pubns,1993,
9780395081778,All My Pretty Ones,Anne Sexton,Houghton Mifflin,1962,
9780886777425,God's Dice,S. Andrew Swann,Daw Books,1997,
9780898400922,The Well Family Book,Charles T. Kuntzleman,Thomas Nelson Inc,1985,
9780811800655,Best Restaurants of San Francisco: The San Francisco Chronicle Guide to Fine Dining,Patricia Uterman,Chronicle Books Llc,1991,
9780316807098,Space Station Seventh Grade,Jerry Spinelli,Little Brown &amp; Co,1982,
9780819869647,The Splendor of Truth: Encyclical Letter of John Paul II,Pope John Paul II,Pauline Books &amp; Media,1993,
9780553205985,Hiroshima,John Hersey,Bantam Doubleday Dell,1981,
9781564651587,A Dog Owner's Guide to Training Your Dog (Dog Owner's Guides),Joan Palmer,Tetra Press,1993,
9780449908815,Danger Zones,Sally Beauman,Ballantine Books,1996,
9780027366600,Branigan's Dog,Fran Grace,Simon &amp; Schuster Merchandise &amp;,1981,
9780439155311,Beautiful You!: The All About You Guide to Looking and Feeling Your Best (All About You),Lori Moore Stacy,Scholastic,2000,
9781558704411,The Crafts Supply Sourcebook: A Comprehensive Shop-By-Mail Guide for Thousands of Craft Materials (4th ed),Margaret A. Boyd,F &amp; W Pubns,1996,
9780553095098,Deception,Amanda Quick,Bantam Dell Pub Group,1993,
9780866051514,A Skeptics Quest,Joe Musser,Thomas Nelson Publishers,1984,
9780151585885,The Meeting at Telgte,Gunter Grass,Harcourt,1981,
9780813511771,Raising a Baby the Government Way: Mothers' Letters to the Children's Bureau 1915 1932 (Douglass Series on Women's Lives &amp; the Meaning of Gender),Molly Ladd-Taylor,Rutgers Univ Pr,1986,
9780877770343,P.S. your not listening,Eleanor Craig,R. W. Baron,1972,
9780590412469,The Taking of Mariasburg,Julian F. Thompson,Scholastic Paperbacks (Mm),1989,
9780967200606,Northwoods Pulp,Thomas Sparrow,Blue Stone Press,1999,
9782912517067,L'invitation ??  la vie conjugale,Angela Huth,Quai Voltaire,1998,
9780373077373,"Michael'S House  (Reunion) (Silhouette Intimate Moments, No 737)",Pat Warren,Silhouette,1996,
9780385468787,101 Things You Can Do for Our Children's Future,Richard Louv,Anchor Books/Doubleday,1994,
9780694003211,Maggie Simpson's Book of Animals,Maggie Groening,Harpercollins Juvenile Books,1991,
9780679882596,Princess in Peril (Random House Pictureback),Kerry Milliron,Random House Children's Books,1996,
9780451209191,Midsummer Magic,Catherine Coulter,Signet Book,2003,
9781577656760,Adventures of Huckleberry Finn (Great Illustrated Classics),Mark Twain,Abdo &amp; Daughters Publishing,2002,
9780688111274,Mr. Food Cooks Like Mama,Art Ginsburg,Cookbooks Cookbooks Cookbooks Cookbooks,1992,
9781879288720,The Book of Margery Kempe (TEAMS Middle English Texts),Margery Kempe,University of Michigan Press,1996,
9780140351323,Under the Lilacs (Puffin Classics),Louisa May Alcott,Puffin Books,1991,
9780684834795,"KINDLING THE FLAME : REFLECTIONS ON RITUAL, FAITH, AND FAMILY",Roberta Israeloff,Simon &amp; Schuster,1998,
9780140192469,The Sleepwalkers: A History of Man's Changing Vision of the Universe (Arkana S.),Arthur Koestler,Penguin Books,1990,
9780759232464,Castle Murders,John DeChancie,eReads.com,2003,
9780316316200,The 60th monarch;: A novel,Bernard Glemser,"Little, Brown",1974,
9780671559250,WITH MERCY TO NONE,Glen Cook,Baen,1985,
9781562941420,How On Earth Do We Recycle Met,Rudy Kouhoupt,Millbrook Press,1992,
9781557733979,The Baby,Stephanie Kegan,Diamond/Charter,1990,
9780517122266,"10,000 Garden Questions Answered by 20 Experts",Marjorie J. Dietz,Wings,1994,
9781570640711,What Can It Be?: A Barney Book and Tape (Barney Book and Tape Series),Stephen White,Lyrick,1996,
9780877951995,Starett,Arthur V. Deutcsh,Arbor House Pub Co,1978,
9781559343794,Human Motor Development: A Lifespan Approach,V. Gregory Payne,McGraw-Hill Humanities/Social Sciences/Languages,1995,
9780889104624,The Girl Wants to: Women's Representations of Sex and the Body,Lynn Crosbie,Coach House Pr,1994,
9780553486025,"No Escape! (Sweet Valley Twins, 118)",Jamie Suzanne,Sweet Valley,1998,
9780395416495,Diary of a Yuppie,Louis Auchincloss,Houghton Mifflin,1986,
9780449243114,Spinoza of Market St,Isaac Bashevis Singer,Fawcett Books,1981,
9780877734611,LIFE&amp;LTRS TOFU ROSHI,DAVID JACKSON,Shambhala,1988,
9780874771596,Overcoming Writing Blocks,"Karin and Skjei, Eric MacK",Putnam Pub Group,1980,
9780425170618,Delusions of Grandeur (Star Wars: Young Jedi Knights (Paperback)),Kevin J. Anderson,Berkley Publishing Group,1997,
9780140236460,"\ Wuthering Heights According to Spike Milligan""",Spike Milligan,Penguin Books Ltd,1995,
9780373034444,"Perfect Divorce! (Harlequin Romance, No 3444)",Fern Michaels,Harlequin,1997,
9780745168081,The Handmaid's Tale,Margaret Atwood,Chivers Audio Books,1999,
